Transect,transect_richness,invert_richness_sum,kelp_richness_sum,kelp_presence_transect,urchin_presence_transect,SubCatTran,SubSubCatTran,algae_richness_sum,Year,Month,Day,Substrate,avg_depth
1,154,111,36,1,1,1,b,79,2014,9,9,hard_boulder,6.35714285714286
10,200,155,69,1,1,1,b,114,2015,5,5,hard_boulder,5.7
100,231,164,83,1,1,1,a,150,2015,5,11,hard_bedrock,6.83544303797468
1004,29,28,3,1,1,1,a,4,2015,8,29,hard_bedrock,5.11111111111111
1005,63,51,0,0,1,2,b,12,2015,8,29,mixed_bedrock,3.53846153846154
1006,26,22,0,0,1,1,a,4,2015,8,29,hard_bedrock,5
1007,39,39,12,1,1,2,b,12,2015,8,29,mixed_bedrock,0.4
101,181,151,47,1,1,3,a,77,2015,5,11,sand_shell,5.13888888888889
1010,12,12,6,1,1,1,a,6,2015,8,29,hard_bedrock,1.85714285714286
1012,10,10,3,1,1,1,a,3,2015,8,29,hard_bedrock,2.5
1013,9,6,5,1,1,1,a,8,2015,8,29,hard_bedrock,3.6
1016,13,10,5,1,1,1,a,8,2015,8,29,hard_bedrock,4.5
1017,19,15,0,0,1,2,a,4,2015,8,29,mixed_boulder,4.22222222222222
1018,12,10,10,1,0,1,a,12,2015,8,30,hard_bedrock,2.875
1019,5,5,4,1,0,1,a,4,2015,8,30,hard_bedrock,3.33333333333333
102,110,72,19,1,0,1,a,57,2015,5,11,hard_bedrock,6.06666666666667
1021,31,29,3,1,0,1,a,5,2015,8,30,hard_bedrock,1.18181818181818
1022,22,20,4,1,0,2,b,6,2015,8,30,mixed_bedrock,3.11111111111111
1023,19,17,7,1,0,1,a,9,2015,8,30,hard_bedrock,3.5
1024,8,5,7,1,1,1,b,10,2015,8,30,hard_boulder,6.42857142857143
1025,1,1,3,1,0,1,a,3,2015,8,30,hard_bedrock,5.33333333333333
1026,3,3,4,1,0,3,b,4,2015,8,30,mud,6
1027,3,3,0,0,0,2,b,0,2015,8,29,mixed_bedrock,7.5
1028,28,23,2,1,0,1,a,7,2015,8,29,hard_bedrock,5.42857142857143
1029,15,13,5,1,0,1,a,7,2015,8,29,hard_bedrock,2.2
103,88,63,13,1,0,1,b,38,2014,5,17,hard_boulder,5.31428571428571
1030,4,4,2,1,0,1,a,2,2015,8,29,hard_bedrock,3.28571428571429
1031,23,19,5,1,1,3,a,9,2015,8,30,sand_shell,5.71428571428571
1032,34,31,4,1,1,1,a,7,2015,8,29,hard_bedrock,4.9
1033,18,17,1,1,0,1,b,2,2015,8,29,hard_boulder,3.28571428571429
1034,5,4,6,1,0,2,b,7,2015,8,29,mixed_bedrock,2.625
1035,7,6,2,1,0,1,a,3,2015,8,29,hard_bedrock,2.25
1036,12,11,7,1,0,1,a,8,2015,8,29,hard_bedrock,3.16666666666667
1037,15,12,7,1,1,1,a,10,2015,8,29,hard_bedrock,4
1038,4,4,5,1,1,1,a,5,2015,8,29,hard_bedrock,1.66666666666667
1039,10,10,7,1,1,1,a,7,2015,8,30,hard_bedrock,2.16666666666667
104,110,91,19,1,0,3,a,38,2015,5,11,sand_shell,2.33333333333333
1040,3,3,0,0,0,1,a,0,2015,8,30,hard_bedrock,1.6
1041,25,20,10,1,0,1,b,15,2015,8,30,hard_boulder,1.625
1042,20,18,5,1,1,1,a,7,2015,8,30,hard_bedrock,1.875
1043,16,14,4,1,1,1,b,6,2015,8,30,hard_boulder,5.57142857142857
1044,25,21,5,1,1,1,b,9,2015,8,30,hard_boulder,5.14285714285714
1045,18,13,3,1,1,1,a,8,2015,8,30,hard_bedrock,3.71428571428571
1046,28,24,13,1,1,2,a,17,2015,8,30,mixed_boulder,2.55555555555556
1047,17,17,2,1,1,3,a,2,2015,8,30,sand_shell,6.1
1048,4,4,4,1,1,2,a,4,2015,8,30,mixed_boulder,6.75
105,60,48,6,1,1,1,b,18,2015,5,11,hard_boulder,3.08695652173913
1050,16,15,3,1,1,3,b,4,2015,8,30,mud,7.55555555555556
1051,24,21,6,1,0,1,a,9,2015,8,25,hard_bedrock,4.58823529411765
1052,36,31,3,1,0,2,b,8,2015,8,25,mixed_bedrock,3
1054,8,8,4,1,0,3,a,4,2015,8,25,sand_shell,2.77777777777778
1055,14,7,3,1,0,3,b,10,2015,8,25,mud,8.0625
1057,43,20,17,1,0,1,b,40,2015,8,25,hard_boulder,9.04545454545454
1058,37,16,5,1,0,1,a,26,2015,8,25,hard_bedrock,6.31578947368421
1059,58,37,4,1,0,1,a,25,2015,8,26,hard_bedrock,7.61904761904762
106,117,70,68,1,0,1,a,115,2015,5,11,hard_bedrock,4.78048780487805
1060,27,9,1,1,1,1,b,19,2015,8,26,hard_boulder,3.95
1061,22,22,8,1,1,1,b,8,2015,8,26,hard_boulder,0.583333333333333
1063,14,10,7,1,0,3,b,11,2015,8,26,mud,7.57142857142857
1064,41,37,2,1,0,3,a,6,2015,8,25,sand_shell,4.625
1065,11,7,5,1,0,2,a,9,2015,8,24,mixed_boulder,11.6666666666667
1066,10,9,17,1,0,1,b,18,2015,8,24,hard_boulder,2.6875
1067,28,27,5,1,0,3,a,6,2015,8,24,sand_shell,8
1068,32,29,4,1,0,3,a,7,2015,8,24,sand_shell,-0.222222222222222
107,19,12,2,1,0,1,a,9,2015,5,11,hard_bedrock,3.6
1070,24,16,3,1,0,1,b,11,2015,8,25,hard_boulder,11.8
1071,31,25,6,1,0,3,a,12,2015,8,25,sand_shell,9.05555555555556
1072,53,35,5,1,0,1,a,23,2015,8,25,hard_bedrock,7.95
1073,49,40,6,1,0,1,a,15,2015,8,25,hard_bedrock,6.4
1075,24,17,5,1,0,1,a,12,2015,8,25,hard_bedrock,5.28571428571429
1076,17,12,2,1,0,3,b,7,2015,8,25,mud,3.93333333333333
1077,20,16,6,1,1,3,b,10,2015,8,25,mud,5.63636363636364
1078,16,4,0,0,0,1,b,12,2015,8,25,hard_boulder,7.35
1079,43,30,4,1,0,1,a,17,2015,8,26,hard_bedrock,7.05263157894737
108,140,97,24,1,1,1,a,67,2015,5,11,hard_bedrock,3.92105263157895
1081,7,3,0,0,0,1,b,4,2015,8,26,hard_boulder,11.2222222222222
1082,47,41,6,1,0,3,a,12,2015,8,26,sand_shell,3.2
1086,36,35,1,1,0,3,b,2,2015,8,26,mud,5.57142857142857
1087,37,33,9,1,0,3,b,13,2015,8,26,mud,1.42857142857143
1088,31,22,9,1,1,1,a,18,2015,8,26,hard_bedrock,4.15384615384615
1089,40,34,17,1,0,2,b,23,2015,8,26,mixed_bedrock,0.866666666666667
109,243,178,55,1,1,2,b,120,2015,5,18,mixed_bedrock,7.54098360655738
1091,48,45,2,1,0,2,a,5,2015,8,26,mixed_boulder,8.15384615384615
1092,34,34,1,1,1,3,b,1,2015,8,26,mud,-0.444444444444444
1093,19,10,0,0,0,3,a,9,2015,8,24,sand_shell,8.46153846153846
1094,31,27,6,1,0,1,a,10,2015,8,24,hard_bedrock,4.5
1095,32,30,7,1,0,2,b,9,2015,8,24,mixed_bedrock,1
1096,48,35,2,1,1,1,b,15,2015,8,24,hard_boulder,2
1097,47,45,8,1,0,3,b,10,2015,8,24,mud,2.13333333333333
1098,27,20,19,1,0,3,a,26,2015,8,24,sand_shell,9.4
11,130,101,39,1,1,1,a,68,2015,5,5,hard_bedrock,6.05660377358491
110,124,83,26,1,1,1,a,67,2014,5,13,hard_bedrock,5.31034482758621
1100,18,10,16,1,0,1,a,24,2015,8,24,hard_bedrock,5.92857142857143
1101,22,12,0,0,1,1,a,10,2015,8,22,hard_bedrock,3.9
1102,26,21,17,1,0,3,b,22,2015,8,23,mud,4.71428571428571
1103,29,22,7,1,0,1,a,14,2015,8,23,hard_bedrock,5.42857142857143
1104,34,26,5,1,0,1,a,13,2015,8,23,hard_bedrock,3.4
1105,67,61,7,1,0,3,a,13,2015,8,23,sand_shell,3.38095238095238
1107,26,18,15,1,0,1,a,23,2015,8,23,hard_bedrock,6.25
1109,15,7,18,1,0,1,a,26,2015,8,23,hard_bedrock,6.45454545454545
111,138,100,50,1,1,1,a,88,2015,5,18,hard_bedrock,5.54347826086957
1110,10,8,0,0,0,3,b,2,2015,8,22,mud,2.5
1111,22,18,10,1,0,3,a,14,2015,8,22,sand_shell,7.05882352941176
1112,19,16,5,1,0,3,b,8,2015,8,21,mud,9.28571428571429
1114,56,38,8,1,0,3,a,26,2015,8,21,sand_shell,8.6
1115,31,14,4,1,1,1,a,21,2015,8,22,hard_bedrock,9.90909090909091
1116,9,5,8,1,0,1,a,12,2015,8,22,hard_bedrock,6.42857142857143
1117,81,69,4,1,0,3,b,16,2015,8,21,mud,8.69565217391304
1118,51,37,6,1,0,1,a,20,2015,8,21,hard_bedrock,3.46153846153846
1119,16,9,3,1,1,1,b,10,2015,8,20,hard_boulder,6.57142857142857
112,149,110,14,1,1,3,b,53,2015,5,18,mud,6.575
1120,20,12,8,1,0,1,a,16,2015,8,21,hard_bedrock,2.5
1122,21,14,3,1,0,1,b,10,2015,8,20,hard_boulder,8.72727272727273
1123,27,13,4,1,0,1,a,18,2015,8,22,hard_bedrock,7.7
1125,45,35,13,1,0,1,b,23,2015,8,21,hard_boulder,3.78571428571429
1126,26,22,8,1,1,3,a,12,2015,8,23,sand_shell,3.8125
1127,11,8,6,1,0,1,a,9,2015,8,20,hard_bedrock,2.6
1129,14,9,2,1,0,3,b,7,2015,8,20,mud,-0.666666666666667
113,137,98,50,1,1,1,a,89,2015,5,12,hard_bedrock,5.79591836734694
1130,34,23,9,1,0,1,a,20,2015,8,21,hard_bedrock,6
1131,45,36,18,1,0,1,a,27,2015,8,21,hard_bedrock,3.28571428571429
1132,29,15,2,1,0,1,a,16,2015,8,20,hard_bedrock,6.07142857142857
1133,13,10,6,1,0,3,a,9,2015,8,20,sand_shell,5.375
1134,35,25,4,1,0,3,b,14,2015,8,20,mud,3.5
1135,9,5,7,1,0,1,a,11,2015,8,20,hard_bedrock,5.875
1136,7,5,2,1,1,1,a,4,2015,8,20,hard_bedrock,3.2
1137,17,10,10,1,0,1,b,17,2015,8,21,hard_boulder,3.83333333333333
1138,48,29,20,1,0,1,b,39,2015,8,22,hard_boulder,5.45454545454545
1139,23,16,5,1,0,3,a,12,2015,8,22,sand_shell,6.9
114,172,112,53,1,1,3,a,113,2014,5,16,sand_shell,4.83636363636364
1141,30,30,10,1,0,3,a,10,2015,8,22,sand_shell,0.666666666666667
1142,14,14,1,1,0,3,a,1,2015,8,22,sand_shell,2.10526315789474
1143,21,8,9,1,0,3,a,22,2015,8,22,sand_shell,8.25
1144,16,12,3,1,0,3,a,7,2015,8,23,sand_shell,4.15
1145,27,17,9,1,0,1,a,19,2015,8,23,hard_bedrock,2.6
1146,34,7,2,1,0,1,a,29,2015,8,23,hard_bedrock,7.4
1147,50,36,3,1,0,1,a,17,2015,8,23,hard_bedrock,10.1904761904762
1149,45,39,5,1,1,2,b,11,2015,8,23,mixed_bedrock,7.22222222222222
115,47,41,24,1,0,2,a,30,2015,5,12,mixed_boulder,6.10344827586207
1150,51,33,1,1,0,3,a,19,2015,8,23,sand_shell,8.92857142857143
1152,88,72,22,1,0,1,b,38,2015,8,27,hard_boulder,2
1153,42,32,15,1,0,1,b,25,2015,8,27,hard_boulder,7.57142857142857
1154,40,33,7,1,0,1,a,14,2015,8,31,hard_bedrock,2.375
1155,54,46,10,1,0,1,a,18,2015,8,31,hard_bedrock,2.64285714285714
1156,63,50,15,1,0,1,b,28,2015,8,31,hard_boulder,2.18181818181818
1157,49,40,13,1,0,1,b,22,2015,8,31,hard_boulder,4.7
1158,27,22,1,1,1,1,b,6,2015,8,27,hard_boulder,6.28571428571429
1159,63,44,9,1,1,1,b,28,2015,8,27,hard_boulder,4.54545454545455
116,25,12,4,1,0,1,a,17,2015,5,12,hard_bedrock,4
1160,48,46,2,1,1,3,a,4,2015,8,27,sand_shell,3.38888888888889
1165,80,54,33,1,1,1,b,59,2015,8,27,hard_boulder,6.68181818181818
1166,11,11,12,1,0,3,b,12,2015,8,27,mud,4.23529411764706
1167,90,82,16,1,0,3,a,24,2015,8,27,sand_shell,8.63157894736842
1168,59,53,4,1,1,1,a,10,2015,8,31,hard_bedrock,2.75
117,39,27,4,1,0,1,a,16,2015,5,12,hard_bedrock,4.18181818181818
1171,27,21,0,0,1,1,a,6,2015,8,31,hard_bedrock,2.2
1172,50,42,5,1,1,2,b,13,2015,8,27,mixed_bedrock,5.30769230769231
1174,73,48,1,1,1,1,a,26,2015,8,27,hard_bedrock,5.73333333333333
1175,23,20,6,1,0,1,a,9,2015,8,27,hard_bedrock,5.33333333333333
1176,56,48,15,1,1,2,b,23,2015,8,27,mixed_bedrock,5.05555555555556
1177,38,26,5,1,1,1,a,17,2015,8,27,hard_bedrock,3.66666666666667
1178,32,24,4,1,1,1,a,12,2015,8,28,hard_bedrock,5.77777777777778
1179,34,29,11,1,0,1,a,16,2015,8,31,hard_bedrock,8.22222222222222
118,55,35,37,1,0,1,b,57,2015,5,1,hard_boulder,7.20689655172414
1180,22,19,6,1,0,1,a,9,2015,8,28,hard_bedrock,6.375
1181,69,54,16,1,1,1,a,31,2015,8,31,hard_bedrock,6.14285714285714
1182,32,29,9,1,0,3,b,12,2015,8,31,mud,10.1176470588235
1184,60,48,6,1,1,1,b,18,2015,8,31,hard_boulder,7.22222222222222
1185,74,57,11,1,1,2,b,28,2015,8,31,mixed_bedrock,8.2
1186,46,38,3,1,1,1,b,11,2015,8,31,hard_boulder,4.71428571428571
1187,50,46,1,1,1,3,a,5,2015,8,31,sand_shell,3.64285714285714
1188,73,66,13,1,1,3,a,20,2015,8,31,sand_shell,4
1189,33,25,29,1,0,2,b,37,2015,8,28,mixed_bedrock,6.07142857142857
119,100,45,61,1,0,1,a,116,2015,4,30,hard_bedrock,7.25925925925926
1190,39,33,7,1,0,3,b,13,2015,8,28,mud,5
1191,29,23,9,1,0,1,b,15,2015,8,28,hard_boulder,1.57142857142857
1192,26,22,13,1,0,1,b,17,2015,8,28,hard_boulder,2.875
1194,34,30,2,1,1,1,a,6,2015,8,31,hard_bedrock,6.75
1195,8,5,10,1,0,3,b,13,2015,8,28,mud,6
1197,28,23,6,1,1,1,a,11,2015,8,28,hard_bedrock,4.55555555555556
1198,13,11,1,1,0,3,a,3,2015,8,28,sand_shell,5.81818181818182
1199,49,42,13,1,1,1,b,20,2015,8,28,hard_boulder,4.21428571428571
12,68,47,15,1,1,3,a,36,2015,5,6,sand_shell,7.825
120,173,103,22,1,1,1,a,92,2015,5,4,hard_bedrock,6.16091954022988
1200,53,40,7,1,1,1,a,20,2015,8,28,hard_bedrock,4.11111111111111
121,172,137,58,1,1,3,a,93,2015,5,6,sand_shell,3.82608695652174
122,47,41,6,1,0,1,a,12,2015,5,7,hard_bedrock,10.4583333333333
123,154,104,24,1,1,1,b,74,2015,5,14,hard_boulder,4.4
124,111,84,42,1,1,1,a,69,2015,5,7,hard_bedrock,5.80357142857143
125,126,90,29,1,0,3,a,65,2015,5,14,sand_shell,5.58666666666667
126,60,47,32,1,1,3,b,45,2015,5,14,mud,8.93103448275862
127,310,225,92,1,1,1,a,177,2015,5,14,hard_bedrock,5.02
128,125,94,32,1,1,1,b,63,2015,5,15,hard_boulder,5.53191489361702
129,185,134,35,1,1,1,a,86,2015,5,15,hard_bedrock,5.48529411764706
13,164,109,59,1,1,1,a,114,2015,5,6,hard_bedrock,4.4375
130,89,56,25,1,1,1,a,58,2015,5,13,hard_bedrock,7.60606060606061
131,175,147,52,1,0,3,a,80,2015,5,15,sand_shell,5.109375
132,152,106,42,1,1,3,b,88,2015,5,15,mud,4.80701754385965
133,119,88,39,1,1,1,a,70,2015,5,16,hard_bedrock,4.82978723404255
134,133,115,46,1,1,3,a,64,2015,5,16,sand_shell,5.14516129032258
135,108,79,26,1,1,3,a,55,2015,5,16,sand_shell,5.56410256410256
136,78,57,15,1,1,1,a,36,2015,5,13,hard_bedrock,4.17857142857143
137,155,114,39,1,1,1,a,80,2015,5,13,hard_bedrock,7.10169491525424
138,156,126,87,1,1,2,a,117,2015,5,13,mixed_boulder,7.44827586206897
139,95,78,34,1,0,3,b,51,2015,5,13,mud,6.93617021276596
14,135,104,62,1,0,1,b,93,2015,5,6,hard_boulder,3.94915254237288
140,93,67,65,1,0,3,a,91,2014,5,20,sand_shell,5.83636363636364
141,158,113,48,1,1,1,a,93,2015,5,13,hard_bedrock,6.58928571428571
142,152,119,24,1,1,3,a,57,2015,5,13,sand_shell,6.57407407407407
143,120,86,21,1,0,1,b,55,2015,5,13,hard_boulder,5.6734693877551
144,148,114,52,1,0,1,a,86,2015,5,13,hard_bedrock,3.8
145,246,167,59,1,1,3,b,138,2015,5,13,mud,6.43157894736842
146,232,164,65,1,1,1,b,133,2015,5,15,hard_boulder,4.51315789473684
147,86,59,25,1,1,3,b,52,2015,5,13,mud,7.5
148,193,146,45,1,1,1,a,92,2015,5,13,hard_bedrock,5.16
149,94,62,23,1,1,1,b,55,2015,5,13,hard_boulder,7.17391304347826
15,126,101,35,1,1,1,a,60,2015,5,6,hard_bedrock,5.16326530612245
150,94,61,25,1,1,1,b,58,2015,5,13,hard_boulder,6.11111111111111
151,123,82,43,1,1,1,a,84,2015,5,13,hard_bedrock,7
152,97,56,31,1,1,3,a,72,2015,5,15,sand_shell,7.7741935483871
153,83,63,9,1,1,3,a,29,2015,5,15,sand_shell,4.2093023255814
154,105,72,6,1,1,2,b,39,2015,5,15,mixed_bedrock,5.3125
155,81,65,10,1,1,2,a,26,2015,5,6,mixed_boulder,5.06896551724138
156,51,31,6,1,1,1,b,26,2015,5,16,hard_boulder,5.33333333333333
157,82,48,9,1,1,1,b,43,2015,5,16,hard_boulder,3.1875
158,58,36,6,1,1,1,b,28,2015,5,16,hard_boulder,3.61111111111111
159,59,41,9,1,1,2,b,27,2015,5,16,mixed_bedrock,5.2258064516129
16,138,103,54,1,1,1,a,89,2015,5,6,hard_bedrock,6.53623188405797
160,72,58,25,1,0,3,a,39,2015,5,16,sand_shell,4.59090909090909
161,59,49,9,1,1,3,a,19,2015,5,16,sand_shell,3.64285714285714
162,58,36,14,1,1,1,a,36,2014,4,27,hard_bedrock,2.66666666666667
163,83,57,42,1,1,1,a,68,2015,5,17,hard_bedrock,6
164,117,82,16,1,1,1,a,51,2015,5,17,hard_bedrock,4.90476190476191
165,93,62,18,1,1,1,b,49,2015,5,11,hard_boulder,3.6551724137931
166,131,82,50,1,1,1,a,99,2015,5,9,hard_bedrock,9
167,117,82,54,1,1,1,a,89,2015,5,9,hard_bedrock,8.28571428571429
168,32,27,13,1,1,1,a,18,2015,5,9,hard_bedrock,8.66666666666667
169,84,72,35,1,1,3,a,47,2015,5,9,sand_shell,3.96969696969697
17,128,102,49,1,1,1,a,75,2015,5,6,hard_bedrock,8.12765957446809
170,60,45,10,1,1,1,b,25,2015,5,9,hard_boulder,5.83870967741935
171,86,58,39,1,1,3,a,67,2015,5,9,sand_shell,5.75862068965517
172,78,43,41,1,1,1,b,76,2015,5,11,hard_boulder,5.63636363636364
173,52,33,21,1,1,1,a,40,2014,5,6,hard_bedrock,11.4705882352941
174,72,63,28,1,1,3,a,37,2015,5,9,sand_shell,6.35
175,156,118,64,1,1,1,a,102,2015,5,9,hard_bedrock,7
176,34,23,1,1,1,1,a,12,2015,5,9,hard_bedrock,6.6
177,52,42,36,1,0,2,b,46,2015,5,9,mixed_bedrock,5.45833333333333
178,121,107,20,1,1,1,b,34,2015,5,2,hard_boulder,2.46153846153846
179,42,35,4,1,0,2,b,11,2015,5,17,mixed_bedrock,4.875
18,320,224,47,1,1,1,b,143,2015,5,6,hard_boulder,7.46913580246914
180,117,81,56,1,1,1,b,92,2015,5,9,hard_boulder,2.64285714285714
181,103,91,44,1,1,3,a,56,2015,5,9,sand_shell,5.66666666666667
182,80,53,49,1,1,1,b,76,2015,5,10,hard_boulder,3.92592592592593
183,89,50,70,1,0,3,a,109,2015,5,10,sand_shell,7.73529411764706
184,78,59,24,1,1,3,a,43,2015,5,9,sand_shell,4.97297297297297
185,55,41,10,1,1,1,a,24,2015,5,17,hard_bedrock,4.55555555555556
186,20,9,1,1,1,1,a,12,2015,5,11,hard_bedrock,8.92307692307692
187,32,21,0,0,0,3,b,11,2015,5,11,mud,7.93333333333333
188,43,35,5,1,0,3,b,13,2015,5,18,mud,10.0952380952381
19,185,141,46,1,1,1,a,90,2015,5,1,hard_bedrock,4.90909090909091
190,87,71,12,1,1,2,b,28,2015,5,18,mixed_bedrock,8.25
191,83,71,16,1,1,3,b,28,2015,5,12,mud,5.8
192,72,50,9,1,1,1,a,31,2015,5,12,hard_bedrock,3.82352941176471
193,89,70,24,1,1,1,b,43,2015,5,12,hard_boulder,1.81818181818182
194,38,32,18,1,0,2,b,24,2015,5,8,mixed_bedrock,4.9375
195,59,43,4,1,1,2,a,20,2015,5,8,mixed_boulder,5.38461538461539
196,40,28,16,1,0,1,b,28,2015,5,8,hard_boulder,4.03448275862069
197,8,5,12,1,0,2,a,15,2015,5,7,mixed_boulder,6.875
198,116,83,23,1,1,3,b,56,2015,5,8,mud,3.37142857142857
199,34,24,17,1,0,1,a,27,2015,5,8,hard_bedrock,1.94444444444444
2,129,95,24,1,1,1,a,58,2015,5,5,hard_bedrock,7
20,152,116,31,1,1,3,b,67,2015,5,6,mud,6.07246376811594
200,26,16,11,1,0,1,a,21,2015,5,8,hard_bedrock,4
201,31,28,3,1,0,1,b,6,2015,5,8,hard_boulder,1.4375
202,60,49,18,1,1,3,a,29,2015,5,8,sand_shell,4.81818181818182
203,45,34,33,1,1,1,b,44,2015,5,2,hard_boulder,4.33333333333333
204,120,83,25,1,0,2,a,62,2015,5,2,mixed_boulder,7.43333333333333
206,56,48,18,1,0,1,b,26,2015,5,2,hard_boulder,6.46666666666667
207,26,26,10,1,0,2,a,10,2015,5,2,mixed_boulder,8.53846153846154
208,63,50,17,1,0,2,b,30,2015,5,10,mixed_bedrock,6.21052631578947
209,75,56,24,1,1,1,a,43,2015,5,10,hard_bedrock,6.59259259259259
21,160,122,65,1,1,1,a,103,2015,5,1,hard_bedrock,5.65217391304348
210,90,63,22,1,1,2,a,49,2015,5,10,mixed_boulder,3.89285714285714
211,42,24,4,1,1,1,a,22,2015,5,10,hard_bedrock,5.875
212,84,54,11,1,1,1,b,41,2015,5,10,hard_boulder,6.90476190476191
213,87,44,30,1,1,3,b,73,2015,5,10,mud,6.68571428571429
214,88,57,30,1,0,1,a,61,2015,5,10,hard_bedrock,6.48571428571429
215,42,29,0,0,0,2,a,13,2015,5,10,mixed_boulder,7
216,39,35,14,1,0,2,b,18,2014,9,7,mixed_bedrock,4.30769230769231
217,49,33,13,1,0,1,a,29,2014,9,7,hard_bedrock,4.125
218,88,70,31,1,1,1,a,49,2015,5,10,hard_bedrock,4.34615384615385
219,50,42,12,1,0,3,a,20,2015,5,10,sand_shell,4.5
22,183,133,54,1,1,1,b,104,2015,5,1,hard_boulder,4.44444444444444
220,75,48,42,1,1,1,a,69,2015,5,2,hard_bedrock,5.0625
221,108,94,11,1,0,3,a,25,2015,5,10,sand_shell,2.875
222,97,72,44,1,0,2,a,69,2015,5,10,mixed_boulder,5.78947368421053
223,68,53,41,1,1,3,a,56,2015,5,10,sand_shell,7.05263157894737
224,94,69,34,1,1,3,a,59,2015,5,2,sand_shell,8.26666666666667
225,90,65,38,1,1,1,b,63,2015,5,2,hard_boulder,5.76666666666667
226,68,46,19,1,1,1,b,41,2015,5,10,hard_boulder,2
227,29,26,5,1,1,3,b,8,2015,5,18,mud,8.27272727272727
228,89,70,33,1,1,1,b,52,2015,5,18,hard_boulder,5.83720930232558
229,17,14,6,1,0,1,a,9,2015,5,18,hard_bedrock,9.28571428571429
23,157,127,23,1,0,3,a,53,2015,5,1,sand_shell,6.58333333333333
230,81,54,41,1,1,3,a,68,2015,5,2,sand_shell,7.97058823529412
231,13,9,4,1,0,1,b,8,2015,5,18,hard_boulder,6.66666666666667
232,30,18,22,1,0,1,b,34,2015,5,1,hard_boulder,7.46153846153846
233,46,32,5,1,0,3,b,19,2015,5,12,mud,6
234,30,17,5,1,1,1,a,18,2015,5,12,hard_bedrock,5.91666666666667
235,56,43,9,1,0,1,b,22,2015,5,12,hard_boulder,5.4375
236,84,66,12,1,1,1,a,30,2015,5,18,hard_bedrock,5
237,17,13,4,1,1,1,a,8,2014,9,14,hard_bedrock,4.25
238,68,64,17,1,1,2,b,21,2015,5,8,mixed_bedrock,3.96551724137931
239,66,49,12,1,0,1,b,29,2015,5,8,hard_boulder,6.31818181818182
24,88,59,11,1,1,3,b,40,2015,5,1,mud,7.73529411764706
240,63,45,5,1,0,2,b,23,2015,5,12,mixed_bedrock,7.39130434782609
241,31,25,5,1,0,1,a,11,2015,5,12,hard_bedrock,5.85714285714286
242,61,48,8,1,0,3,a,21,2015,5,12,sand_shell,5.17241379310345
243,25,22,6,1,0,2,b,9,2015,5,12,mixed_bedrock,6.96551724137931
244,17,11,8,1,1,1,a,14,2015,5,8,hard_bedrock,7.8695652173913
245,85,66,36,1,1,3,a,55,2015,5,8,sand_shell,9.28
246,15,12,0,0,0,1,b,3,2014,9,13,hard_boulder,5.66666666666667
247,50,43,24,1,1,2,a,31,2015,5,8,mixed_boulder,8.65217391304348
248,44,38,15,1,1,3,a,21,2015,5,8,sand_shell,6.95454545454545
249,41,31,13,1,1,1,a,23,2015,5,12,hard_bedrock,4.66666666666667
25,150,105,19,1,1,1,b,64,2015,5,1,hard_boulder,4.66176470588235
250,23,21,1,1,1,1,a,3,2015,5,12,hard_bedrock,4.92307692307692
251,16,8,8,1,0,1,a,16,2015,5,12,hard_bedrock,4.63636363636364
252,55,43,21,1,1,1,b,33,2015,5,12,hard_boulder,3.64705882352941
253,36,24,8,1,1,1,b,20,2014,4,26,hard_boulder,3.71428571428571
254,10,7,2,1,0,1,a,5,2014,9,14,hard_bedrock,5.8
255,17,10,0,0,0,1,a,7,2014,9,14,hard_bedrock,4.4
256,12,9,1,1,0,1,a,4,2014,9,14,hard_bedrock,5.4
257,12,8,2,1,0,1,a,6,2014,9,14,hard_bedrock,5.33333333333333
258,37,27,28,1,1,1,b,38,2014,5,18,hard_boulder,5.47058823529412
26,157,113,23,1,1,1,a,67,2015,5,1,hard_bedrock,4.86153846153846
263,21,11,11,1,1,1,a,21,2014,5,18,hard_bedrock,3
264,15,6,1,1,0,1,b,10,2014,5,18,hard_boulder,8.28571428571429
265,24,14,8,1,0,3,b,18,2014,5,18,mud,6.35294117647059
267,31,24,22,1,0,3,a,29,2014,5,18,sand_shell,7.2
269,36,26,5,1,1,3,a,15,2014,4,25,sand_shell,7.11111111111111
27,143,116,19,1,1,1,a,46,2015,5,1,hard_bedrock,5.8314606741573
270,16,15,4,1,1,1,a,5,2014,4,25,hard_bedrock,7.76923076923077
271,29,18,3,1,1,1,a,14,2014,4,28,hard_bedrock,4.85714285714286
274,19,15,17,1,1,3,a,21,2014,4,27,sand_shell,5.4
275,43,20,4,1,1,1,a,27,2014,4,27,hard_bedrock,6.46153846153846
276,53,24,14,1,1,2,a,43,2014,4,29,mixed_boulder,6.08
277,2,2,1,1,0,1,a,1,2014,4,28,hard_bedrock,6.875
279,28,20,3,1,0,1,a,11,2014,5,18,hard_bedrock,8
28,180,130,46,1,1,1,b,96,2015,5,1,hard_boulder,5.40277777777778
280,15,10,3,1,1,1,a,8,2014,4,27,hard_bedrock,4.4
281,23,11,7,1,1,1,a,19,2014,4,27,hard_bedrock,2
283,34,26,8,1,0,3,a,16,2014,9,3,sand_shell,3.86666666666667
284,55,40,10,1,1,1,a,25,2014,9,3,hard_bedrock,6.05882352941176
285,24,17,0,0,0,1,a,7,2014,9,3,hard_bedrock,4.625
286,13,9,4,1,0,1,a,8,2014,9,3,hard_bedrock,4.2
287,33,23,8,1,0,3,a,18,2014,9,3,sand_shell,4.72727272727273
288,30,21,9,1,0,1,a,18,2014,9,13,hard_bedrock,9.15384615384615
29,82,74,28,1,0,2,a,36,2015,5,6,mixed_boulder,3.69444444444444
290,44,29,26,1,1,1,a,41,2014,5,19,hard_bedrock,6.0625
294,15,13,4,1,0,1,a,6,2014,5,19,hard_bedrock,6.83333333333333
295,43,31,24,1,1,1,a,36,2014,5,19,hard_bedrock,9.06666666666667
296,58,38,15,1,0,3,a,35,2014,5,11,sand_shell,9.9375
297,79,40,8,1,0,1,a,47,2014,5,10,hard_bedrock,6.65217391304348
298,17,14,2,1,0,1,a,5,2014,9,14,hard_bedrock,5.16666666666667
299,31,22,4,1,0,1,a,13,2014,9,11,hard_bedrock,5.14285714285714
2nd Beach,31,26,5,1,1,1,a,10,2021,9,23,hard_bedrock,4.16666666666667
3,162,128,29,1,1,1,b,63,2014,9,9,hard_boulder,2.53571428571429
3 Tree Island,8,4,1,1,0,1,a,5,2021,9,22,hard_bedrock,3.33333333333333
30,190,147,42,1,1,3,a,85,2015,5,4,sand_shell,6.41379310344828
300,14,12,1,1,0,1,a,3,2014,9,12,hard_bedrock,5.8
301,66,50,22,1,1,1,b,38,2014,5,4,hard_boulder,5.69230769230769
303,93,69,37,1,1,1,b,61,2014,5,4,hard_boulder,6.57142857142857
304,39,23,5,1,0,1,b,21,2014,9,3,hard_boulder,7.61538461538461
305,40,36,30,1,0,3,a,34,2014,5,19,sand_shell,3.86666666666667
307,58,33,23,1,1,1,b,48,2014,5,10,hard_boulder,6.17647058823529
308,30,25,14,1,0,3,a,19,2014,5,19,sand_shell,1.91666666666667
309,32,18,4,1,0,1,a,18,2014,9,3,hard_bedrock,6.30769230769231
31,63,48,24,1,0,3,a,39,2015,5,6,sand_shell,5.06666666666667
310,68,36,21,1,1,1,b,53,2014,5,10,hard_boulder,6.04545454545455
311,34,26,4,1,0,1,a,12,2014,9,8,hard_bedrock,5.27272727272727
312,15,10,13,1,1,3,b,18,2014,9,8,mud,3.85714285714286
313,13,9,3,1,0,1,a,7,2014,9,3,hard_bedrock,3.4
314,30,25,1,1,0,3,a,6,2014,9,3,sand_shell,10.4166666666667
315,24,22,1,1,0,3,a,3,2014,9,3,sand_shell,-1.7
316,20,15,3,1,0,1,b,8,2014,9,8,hard_boulder,2.75
317,18,17,4,1,0,3,b,5,2014,9,3,mud,5.625
318,38,25,14,1,1,1,a,27,2014,5,4,hard_bedrock,2.25
319,8,5,6,1,0,1,a,9,2014,9,13,hard_bedrock,4.57142857142857
32,81,54,21,1,1,3,a,48,2015,5,4,sand_shell,7.96296296296296
320,17,13,2,1,0,3,b,6,2014,5,19,mud,7.52941176470588
322,21,12,1,1,1,1,a,10,2014,4,28,hard_bedrock,3.33333333333333
323,16,13,0,0,1,1,b,3,2014,4,28,hard_boulder,5.71428571428571
325,19,17,6,1,0,3,b,8,2014,5,19,mud,3.8
326,39,31,5,1,0,3,a,13,2014,5,19,sand_shell,7.6875
327,29,19,17,1,1,1,b,27,2014,5,4,hard_boulder,3.63636363636364
33,61,48,26,1,0,2,b,39,2015,5,4,mixed_bedrock,7.18518518518519
330,66,47,29,1,1,2,b,48,2014,5,3,mixed_bedrock,1.5
331,64,47,30,1,0,1,a,47,2014,9,7,hard_bedrock,5.88461538461539
332,47,30,4,1,1,1,a,21,2014,9,7,hard_bedrock,5
333,16,11,2,1,1,1,a,7,2014,9,8,hard_bedrock,5.33333333333333
334,43,29,11,1,1,2,a,25,2014,5,2,mixed_boulder,1.7
335,93,53,28,1,1,1,a,68,2014,5,2,hard_bedrock,8.3
336,48,25,8,1,1,1,b,31,2014,5,2,hard_boulder,7.23076923076923
337,5,2,2,1,0,1,a,5,2014,9,8,hard_bedrock,-0.2
338,14,8,0,0,0,1,a,6,2014,9,8,hard_bedrock,2.28571428571429
339,10,7,3,1,1,1,a,6,2014,4,25,hard_bedrock,6.2
34,98,69,32,1,0,1,a,61,2015,5,1,hard_bedrock,5.41935483870968
340,15,15,0,0,0,1,a,0,2014,9,12,hard_bedrock,6.4
341,22,20,1,1,0,1,a,3,2014,9,12,hard_bedrock,4.66666666666667
342,36,26,16,1,0,2,b,26,2014,9,12,mixed_bedrock,7.9
343,27,21,1,1,0,1,b,7,2014,9,12,hard_boulder,5.85714285714286
344,14,12,5,1,1,1,a,7,2014,9,12,hard_bedrock,6.42857142857143
345,18,13,2,1,1,1,a,7,2014,9,12,hard_bedrock,2.8
346,2,2,0,0,1,3,a,0,2014,4,23,sand_shell,4.22222222222222
347,21,19,6,1,1,1,b,8,2014,4,23,hard_boulder,1.53846153846154
35,29,14,30,1,0,1,b,45,2015,5,4,hard_boulder,5.93333333333333
350,37,23,1,1,1,1,b,15,2014,5,2,hard_boulder,2.875
351,37,23,13,1,1,3,a,27,2014,5,2,sand_shell,7.125
352,46,44,2,1,1,3,a,4,2014,5,2,sand_shell,0
353,36,25,7,1,0,1,a,18,2014,9,8,hard_bedrock,7.15384615384615
354,45,26,15,1,1,1,b,34,2014,5,3,hard_boulder,1.57142857142857
355,28,20,2,1,1,1,a,10,2014,9,7,hard_bedrock,4.33333333333333
356,29,21,6,1,0,1,a,14,2014,9,8,hard_bedrock,4.28571428571429
357,17,10,2,1,0,1,a,9,2014,9,8,hard_bedrock,1.8
358,18,11,1,1,0,1,a,8,2014,9,8,hard_bedrock,2.28571428571429
36,150,112,37,1,1,3,a,75,2015,5,4,sand_shell,6.68421052631579
360,15,12,4,1,0,3,a,7,2014,9,8,sand_shell,5.9
361,19,15,15,1,0,1,a,19,2014,9,8,hard_bedrock,4
362,19,14,2,1,0,3,a,7,2014,5,8,sand_shell,4.23529411764706
363,32,19,8,1,1,1,a,21,2014,5,8,hard_bedrock,3.5
364,27,14,8,1,0,1,a,21,2014,5,8,hard_bedrock,5.14285714285714
365,30,21,1,1,1,1,a,10,2014,5,8,hard_bedrock,5.83333333333333
368,34,18,12,1,0,3,b,28,2014,9,8,mud,3.52380952380952
369,56,45,13,1,1,3,a,24,2014,5,3,sand_shell,6.2
37,124,100,31,1,1,3,b,55,2015,5,4,mud,6.51851851851852
372,17,17,3,1,1,3,b,3,2014,9,12,mud,5.15384615384615
373,36,34,6,1,0,3,a,8,2014,9,7,sand_shell,1.06666666666667
376,2,2,0,0,0,3,b,0,2014,9,8,mud,2.5
377,47,28,14,1,0,1,a,33,2014,9,7,hard_bedrock,4.33333333333333
378,23,14,0,0,1,1,a,9,2014,4,28,hard_bedrock,1.5
379,17,15,3,1,1,1,a,5,2014,4,28,hard_bedrock,2.875
38,165,124,42,1,0,3,b,83,2015,5,6,mud,4.24074074074074
380,36,27,4,1,1,1,a,13,2014,4,28,hard_bedrock,3.25
381,14,10,3,1,1,1,a,7,2014,4,28,hard_bedrock,5
383,59,41,4,1,1,1,b,22,2014,5,2,hard_boulder,3.54545454545455
384,26,22,5,1,1,1,a,9,2014,9,12,hard_bedrock,0.5
386,29,17,21,1,0,1,a,33,2014,9,8,hard_bedrock,6.9375
387,56,36,22,1,1,3,a,42,2014,5,8,sand_shell,4.69230769230769
388,40,28,5,1,1,1,b,17,2014,5,8,hard_boulder,4.4
389,29,25,5,1,1,1,b,9,2014,5,8,hard_boulder,6.33333333333333
39,64,48,19,1,0,1,b,35,2014,9,4,hard_boulder,6.5
393,32,29,7,1,0,3,a,10,2014,5,5,sand_shell,3.8
394,92,59,24,1,1,1,a,57,2014,5,5,hard_bedrock,5.375
396,37,25,6,1,1,3,b,18,2014,4,28,mud,4.6875
397,8,4,0,0,1,1,a,4,2014,4,23,hard_bedrock,4
398,6,3,2,1,1,1,a,5,2014,4,23,hard_bedrock,5.8
399,9,7,2,1,1,1,a,4,2014,4,23,hard_bedrock,4.83333333333333
4,110,84,54,1,1,1,b,80,2015,5,15,hard_boulder,5.975
40,166,101,31,1,0,1,b,96,2015,5,4,hard_boulder,5.44897959183673
400,0,0,0,0,0,1,a,0,2014,4,23,hard_bedrock,6
401,2,1,0,0,0,1,a,1,2014,4,23,hard_bedrock,4
402,31,16,0,0,1,2,a,15,2014,4,23,mixed_boulder,4.0625
403,10,6,1,1,1,1,a,5,2014,4,25,hard_bedrock,4.57142857142857
404,4,4,0,0,0,1,a,0,2014,4,23,hard_bedrock,2.6
405,40,39,6,1,1,1,a,7,2014,4,23,hard_bedrock,1.28571428571429
406,30,18,11,1,1,1,a,23,2014,5,5,hard_bedrock,7.42857142857143
407,56,40,22,1,1,1,a,38,2014,5,5,hard_bedrock,5.63636363636364
408,48,32,21,1,1,1,a,37,2014,5,5,hard_bedrock,4.45454545454545
409,60,36,42,1,0,3,a,66,2014,5,5,sand_shell,2.27272727272727
4090,25,24,13,1,0,3,b,14,2019,9,17,mud,1.95652173913043
41,136,112,18,1,0,2,b,42,2015,4,30,mixed_bedrock,NA
410,50,36,5,1,1,3,a,19,2014,5,5,sand_shell,6
412,15,15,9,1,1,3,b,9,2014,5,5,mud,0
414,2,2,0,0,0,1,a,0,2014,4,24,hard_bedrock,3.5
415,16,10,0,0,0,3,a,6,2014,4,23,sand_shell,8.58823529411765
416,18,14,2,1,1,1,a,6,2014,4,23,hard_bedrock,6
417,41,34,9,1,1,1,b,16,2014,4,24,hard_boulder,4
418,21,20,6,1,0,2,b,7,2014,4,24,mixed_bedrock,4.7
419,16,14,1,1,1,1,b,3,2014,4,24,hard_boulder,6
42,85,64,41,1,1,1,b,62,2015,4,30,hard_boulder,4.90243902439024
420,14,14,10,1,0,2,b,10,2014,4,25,mixed_bedrock,0.4375
421,12,9,2,1,0,1,a,5,2014,4,25,hard_bedrock,2.57142857142857
422,5,4,3,1,0,1,a,4,2014,4,25,hard_bedrock,2.2
423,16,11,1,1,1,3,a,6,2014,4,23,sand_shell,5.85714285714286
424,12,10,2,1,1,1,a,4,2014,4,25,hard_bedrock,2.2
425,7,7,5,1,1,1,b,5,2014,4,25,hard_boulder,2.5
426,10,9,8,1,1,1,a,9,2014,4,25,hard_bedrock,3.25
427,31,23,6,1,1,1,b,14,2014,4,23,hard_boulder,5.71428571428571
428,4,4,2,1,0,1,b,2,2014,4,25,hard_boulder,4
429,12,12,0,0,0,3,a,0,2014,4,25,sand_shell,3.21739130434783
43,173,124,52,1,1,1,a,101,2015,5,7,hard_bedrock,8.06779661016949
430,13,8,4,1,0,1,a,9,2014,4,25,hard_bedrock,5.2
431,13,8,1,1,1,1,a,6,2014,4,25,hard_bedrock,4.6
432,25,22,1,1,1,3,a,4,2014,4,25,sand_shell,6.33333333333333
434,44,34,4,1,1,3,a,14,2014,4,25,sand_shell,5.16666666666667
435,27,21,5,1,1,1,b,11,2014,4,24,hard_boulder,-0.571428571428571
436,23,20,0,0,1,1,a,3,2014,4,24,hard_bedrock,2
437,14,10,5,1,1,1,a,9,2014,4,24,hard_bedrock,5.5
438,6,6,0,0,1,1,a,0,2014,4,24,hard_bedrock,5.25
439,19,15,5,1,1,2,b,9,2014,4,24,mixed_bedrock,1.9
44,96,68,32,1,1,1,a,60,2015,5,7,hard_bedrock,5.43243243243243
440,29,29,21,1,1,3,a,21,2014,4,24,sand_shell,0.2
441,8,8,15,1,0,3,a,15,2014,4,24,sand_shell,-1
442,14,9,3,1,1,1,b,8,2014,4,24,hard_boulder,4.28571428571429
443,1,1,0,0,0,1,a,0,2014,4,24,hard_bedrock,2.8
444,28,23,2,1,1,1,a,7,2014,4,24,hard_bedrock,3.58333333333333
445,17,14,1,1,0,1,b,4,2014,9,12,hard_boulder,2.75
446,33,23,5,1,0,1,b,15,2014,9,12,hard_boulder,2.66666666666667
447,15,10,5,1,1,1,a,10,2014,9,12,hard_bedrock,2.16666666666667
448,3,3,0,0,0,3,a,0,2014,9,13,sand_shell,4.81818181818182
449,10,10,0,0,0,1,b,0,2014,9,13,hard_boulder,2.55555555555556
45,134,104,49,1,1,1,a,79,2015,5,7,hard_bedrock,4.07692307692308
450,9,7,1,1,0,1,a,3,2014,9,13,hard_bedrock,6
451,14,10,3,1,1,1,a,7,2014,9,13,hard_bedrock,5.28571428571429
452,10,10,3,1,0,1,a,3,2014,9,13,hard_bedrock,2.625
453,5,5,1,1,0,1,a,1,2014,9,13,hard_bedrock,3.8
46,205,153,69,1,1,2,a,121,2015,5,7,mixed_boulder,9.22222222222222
47,67,52,26,1,1,1,a,41,2015,5,7,hard_bedrock,4.175
48,238,193,66,1,1,2,a,111,2015,5,7,mixed_boulder,4.79245283018868
49,133,78,25,1,1,1,b,80,2015,5,7,hard_boulder,5.24242424242424
5,63,35,11,1,1,1,a,39,2015,5,5,hard_bedrock,8.34615384615385
50,143,126,51,1,1,3,a,68,2014,9,11,sand_shell,5.13461538461539
501,4,4,1,1,0,1,a,1,2014,9,13,hard_bedrock,3.8
502,5,5,1,1,0,1,a,1,2014,9,13,hard_bedrock,0.5
503,6,5,2,1,0,1,a,3,2014,9,13,hard_bedrock,0.333333333333333
504,18,18,6,1,1,1,a,6,2014,9,13,hard_bedrock,1.375
505,6,5,2,1,0,1,a,3,2014,9,13,hard_bedrock,3.6
51,131,100,52,1,1,1,b,83,2015,5,14,hard_boulder,3.68253968253968
52,100,55,17,1,1,1,a,62,2015,5,7,hard_bedrock,5.24137931034483
53,91,67,53,1,0,1,a,77,2015,5,7,hard_bedrock,6.36842105263158
54,69,45,17,1,0,1,a,41,2015,5,7,hard_bedrock,8
55,93,67,23,1,0,1,a,49,2015,5,14,hard_bedrock,6.73333333333333
56,45,36,20,1,1,1,b,29,2018,9,6,hard_boulder,7.25
57,85,63,16,1,0,3,a,38,2015,5,14,sand_shell,6.5
58,39,39,13,1,0,2,b,13,2018,9,7,mixed_bedrock,0.1
59,84,75,35,1,0,2,a,44,2015,5,14,mixed_boulder,8.86486486486486
6,106,68,44,1,0,1,a,82,2015,5,5,hard_bedrock,5.92857142857143
60,53,46,15,1,1,2,a,22,2015,5,14,mixed_boulder,3.69230769230769
61,51,40,13,1,0,2,a,24,2015,5,14,mixed_boulder,6.19230769230769
62,89,73,55,1,0,1,b,71,2015,5,14,hard_boulder,5.6046511627907
63,52,34,10,1,1,1,b,28,2015,5,14,hard_boulder,8.03030303030303
64,22,14,1,1,1,3,b,9,2015,5,14,mud,4.2
65,152,115,28,1,0,1,b,65,2015,5,14,hard_boulder,5.61111111111111
66,105,88,39,1,1,3,a,56,2015,5,14,sand_shell,6.11111111111111
67,20,17,3,1,1,3,b,6,2019,9,18,mud,4.66666666666667
68,19,15,0,0,0,1,b,4,2015,5,15,hard_boulder,6.59090909090909
69,91,66,22,1,0,1,b,47,2015,5,15,hard_boulder,5.81818181818182
7,108,86,45,1,1,1,b,67,2015,5,5,hard_boulder,6.15
70,179,140,60,1,1,1,b,99,2014,9,10,hard_boulder,6
71,203,161,52,1,1,3,b,94,2015,5,15,mud,3.50769230769231
72,108,75,7,1,1,3,b,40,2015,5,15,mud,7.43478260869565
73,167,133,17,1,1,3,b,51,2015,5,15,mud,6.24193548387097
74,156,133,46,1,1,3,b,69,2015,5,15,mud,4.72972972972973
75,200,156,46,1,1,1,a,90,2015,5,16,hard_bedrock,6.50819672131148
76,141,109,53,1,1,2,a,85,2015,5,16,mixed_boulder,3.57142857142857
77,157,124,23,1,0,3,b,56,2015,5,16,mud,7.04347826086957
78,102,63,20,1,0,3,b,59,2015,5,16,mud,4.36170212765957
79,104,75,32,1,1,1,b,61,2015,5,16,hard_boulder,4.16
8,99,61,6,1,1,1,b,44,2015,5,5,hard_boulder,5.09090909090909
80,71,59,24,1,1,1,b,36,2015,5,17,hard_boulder,6.43243243243243
81,136,85,19,1,1,3,a,70,2015,5,17,sand_shell,6.01492537313433
82,65,34,30,1,1,1,b,61,2015,5,17,hard_boulder,5.02941176470588
83,60,41,39,1,0,3,a,58,2015,5,17,sand_shell,6.70588235294118
84,190,141,41,1,1,3,b,90,2015,5,17,mud,5.84057971014493
85,183,114,58,1,1,3,a,127,2015,5,17,sand_shell,6.24675324675325
86,94,63,46,1,1,1,a,77,2015,5,17,hard_bedrock,6.32558139534884
87,111,76,46,1,0,3,a,81,2015,5,17,sand_shell,6.13559322033898
88,158,109,34,1,1,1,a,83,2015,5,17,hard_bedrock,5.81666666666667
89,145,109,55,1,1,1,b,91,2015,5,17,hard_boulder,4.35897435897436
9,113,87,29,1,1,1,a,55,2015,5,5,hard_bedrock,7.22857142857143
90,137,110,50,1,0,3,a,77,2018,5,30,sand_shell,7.15555555555556
91,98,77,15,1,1,2,b,36,2015,5,17,mixed_bedrock,6.21428571428571
92,147,107,54,1,1,1,a,94,2015,5,11,hard_bedrock,6.84375
93,103,79,33,1,0,3,a,57,2015,5,11,sand_shell,4.26666666666667
94,57,21,23,1,0,1,b,59,2015,5,11,hard_boulder,7.2
95,13,10,1,1,0,3,a,4,2015,5,11,sand_shell,3.4
96,73,56,42,1,1,3,b,59,2015,5,11,mud,4.93939393939394
97,136,93,35,1,1,1,a,78,2015,5,11,hard_bedrock,5.87755102040816
98,109,78,40,1,1,1,a,71,2015,5,11,hard_bedrock,5.58333333333333
99,80,52,42,1,1,3,a,70,2014,4,27,sand_shell,6.4375
Breakers,22,19,4,1,0,1,a,7,2021,9,16,hard_bedrock,2.85714285714286
Dixon,6,4,1,1,0,1,b,3,2021,9,17,hard_boulder,5.5
EB04,3,3,0,0,0,3,b,0,2017,8,31,mud,4.55555555555556
EB05,0,0,10,1,0,3,b,10,2017,8,31,mud,4.8
EB06,2,2,0,0,0,3,a,0,2017,8,31,sand_shell,0.666666666666667
EB07,2,2,0,0,0,3,a,0,2017,8,31,sand_shell,0.666666666666667
EB10,22,22,0,0,1,3,b,0,2017,8,31,mud,4.57894736842105
EB11,12,12,20,1,1,3,a,20,2017,8,31,sand_shell,4.95238095238095
EB13,29,29,0,0,0,3,a,0,2017,8,31,sand_shell,6.07142857142857
EB16,38,38,1,1,1,3,b,1,2017,8,31,mud,7.27777777777778
EB17,29,29,1,1,0,3,b,1,2017,8,31,mud,6.72222222222222
EB18,14,14,0,0,1,1,b,0,2017,8,31,hard_boulder,-1.4
EB19,14,14,6,1,0,3,a,6,2017,8,31,sand_shell,2.64285714285714
Edward (King) 142,39,29,7,1,0,1,b,17,2021,9,21,hard_boulder,5.26666666666667
Flemming 112,8,7,3,1,0,1,a,4,2021,9,18,hard_bedrock,2.66666666666667
Flemming 114,18,11,2,1,0,1,b,9,2021,9,15,hard_boulder,2.75
Flemming Turf Island,24,14,4,1,0,1,a,14,2021,9,18,hard_bedrock,2
GI01,49,41,15,1,1,1,a,23,2017,8,25,hard_bedrock,4.66666666666667
GI02,137,123,44,1,0,1,a,58,2017,8,24,hard_bedrock,5.73684210526316
GI03,79,64,36,1,1,1,a,51,2017,8,25,hard_bedrock,6
GI04,46,36,12,1,0,3,b,22,2017,8,25,mud,10.7333333333333
GI05,40,23,17,1,1,1,b,34,2017,8,25,hard_boulder,7.58823529411765
GI06,7,6,6,1,1,1,a,7,2017,8,25,hard_bedrock,12.3571428571429
GI08,37,25,14,1,0,2,a,26,2017,8,26,mixed_boulder,7.73333333333333
GI09,34,26,10,1,0,2,b,18,2017,8,26,mixed_bedrock,9.5
GI10,50,38,20,1,0,1,b,32,2017,8,26,hard_boulder,6.73333333333333
GI12,58,50,3,1,0,3,a,11,2017,9,8,sand_shell,9.38095238095238
GI13,45,44,7,1,0,3,a,8,2017,8,26,sand_shell,9.70588235294118
GI15,87,74,4,1,0,1,a,17,2017,9,8,hard_bedrock,7.61904761904762
GI16,19,17,14,1,0,3,a,16,2017,9,8,sand_shell,4.52380952380952
GI17,42,36,10,1,0,2,b,16,2017,8,26,mixed_bedrock,5.84615384615385
GI18,57,47,5,1,1,2,a,15,2017,9,8,mixed_boulder,7.125
GI19,82,67,5,1,1,1,a,20,2017,9,8,hard_bedrock,6.89473684210526
GI20,74,57,14,1,0,1,a,31,2017,8,26,hard_bedrock,8.38888888888889
GI21,21,18,2,1,0,3,b,5,2017,9,7,mud,8.76470588235294
GI22,16,16,0,0,0,3,b,0,2017,9,6,mud,6.33333333333333
GI23,35,31,1,1,0,3,b,5,2017,9,6,mud,10.3125
GI24,44,36,7,1,0,1,a,15,2017,8,28,hard_bedrock,7.69230769230769
GI25,43,38,4,1,0,1,a,9,2017,8,28,hard_bedrock,6.78571428571429
GI26,12,12,8,1,0,3,b,8,2017,8,28,mud,9.76923076923077
GI27,17,14,4,1,0,1,b,7,2017,8,28,hard_boulder,4.16666666666667
GI28,63,57,9,1,0,1,a,15,2017,8,28,hard_bedrock,7
GI29,10,10,0,0,0,3,b,0,2017,9,6,mud,9.375
GI30,39,38,1,1,0,1,b,2,2017,9,6,hard_boulder,5
GI31,5,5,1,1,1,3,b,1,2017,9,7,mud,4
GI32,15,15,0,0,1,3,b,0,2017,9,7,mud,8.06666666666667
GI33,24,23,2,1,1,2,a,3,2017,9,7,mixed_boulder,9.92857142857143
GI35,37,35,2,1,0,1,a,4,2017,9,7,hard_bedrock,4.78571428571429
GI36,9,9,0,0,0,1,a,0,2017,8,27,hard_bedrock,6.41666666666667
GI37,28,27,3,1,1,2,b,4,2017,8,28,mixed_bedrock,7.14285714285714
GI39,40,30,6,1,1,2,a,16,2017,8,27,mixed_boulder,9.73333333333333
GI43,35,33,9,1,0,3,b,11,2017,8,27,mud,6.5
GI44,76,70,12,1,0,3,b,18,2017,8,27,mud,7.31578947368421
GI45,79,70,2,1,0,1,a,11,2017,8,27,hard_bedrock,4.6
GI52,31,30,2,1,0,3,b,3,2017,9,7,mud,10.0588235294118
GI53,42,41,14,1,0,3,b,15,2017,9,7,mud,6.22222222222222
GI54,32,26,12,1,0,1,a,18,2017,8,27,hard_bedrock,7.375
Grappler,48,38,7,1,0,1,b,17,2021,9,17,hard_boulder,2
IA01,55,50,7,1,1,1,b,12,2017,8,29,hard_boulder,5.05263157894737
IA02,5,5,0,0,1,3,b,0,2017,8,29,mud,5
IA05,1,1,18,1,1,3,b,18,2017,8,29,mud,2.25
IA06,5,5,1,1,0,3,b,1,2017,8,29,mud,8.07692307692308
IA07,41,40,4,1,1,3,a,5,2017,8,29,sand_shell,2.68
IA08,15,15,0,0,0,2,b,0,2017,8,29,mixed_bedrock,5.71428571428571
IA09,10,8,3,1,0,1,a,5,2017,8,29,hard_bedrock,3
IA10,2,2,0,0,0,1,a,0,2017,8,29,hard_bedrock,3
IA14,11,11,0,0,1,2,b,0,2017,8,29,mixed_bedrock,2.16666666666667
IA15,15,15,0,0,1,1,b,0,2017,8,29,hard_boulder,3.88888888888889
IA16,10,9,0,0,1,1,a,1,2017,8,29,hard_bedrock,2.25
IA17,16,15,3,1,1,2,b,4,2017,8,29,mixed_bedrock,4.2
IA19,24,22,3,1,1,1,b,5,2017,8,29,hard_boulder,4.55555555555556
JF01,74,73,11,1,1,2,b,12,2017,9,2,mixed_bedrock,2
JF02,47,40,7,1,0,3,a,14,2017,9,2,sand_shell,3.2
JF03,86,85,17,1,1,2,b,18,2017,9,2,mixed_bedrock,1.1
JF04,58,56,8,1,1,1,a,10,2017,9,2,hard_bedrock,8.31578947368421
JF05,78,75,24,1,1,3,a,27,2017,9,2,sand_shell,4.6
JF06,45,44,0,0,1,3,a,1,2017,9,2,sand_shell,3.83333333333333
JF07,45,44,12,1,1,3,a,13,2017,9,2,sand_shell,5.6875
JF08,30,26,17,1,0,3,a,21,2017,9,2,sand_shell,5
JF10,9,9,9,1,0,3,a,9,2017,9,2,sand_shell,2.55555555555556
JF13,63,59,24,1,1,1,b,28,2017,9,2,hard_boulder,2.9
JF14,78,76,37,1,0,2,b,39,2017,9,2,mixed_bedrock,4.5
JF20,64,59,23,1,0,3,a,28,2017,9,3,sand_shell,7.09523809523809
JF21,57,56,0,0,0,1,a,1,2017,9,3,hard_bedrock,6.88888888888889
JF23,71,64,17,1,1,1,b,24,2017,9,3,hard_boulder,10.7368421052632
JF24,74,72,24,1,0,1,b,26,2017,9,3,hard_boulder,4.66666666666667
JF25,73,68,19,1,1,1,b,24,2017,9,3,hard_boulder,5.57142857142857
JF26,71,58,16,1,1,1,a,29,2017,9,3,hard_bedrock,7.35714285714286
JF27,65,57,11,1,1,1,b,19,2017,9,3,hard_boulder,7.38461538461539
JF28,67,60,16,1,1,1,a,23,2017,9,3,hard_bedrock,7.28571428571429
JF29,52,46,8,1,1,1,a,14,2017,9,3,hard_bedrock,11.0714285714286
JF30,55,51,8,1,0,1,a,12,2017,9,3,hard_bedrock,10.0416666666667
M53,31,28,14,1,1,1,a,17,2018,9,23,hard_bedrock,5
M55,51,48,30,1,1,1,a,33,2018,9,23,hard_bedrock,8.28571428571429
M57,46,29,15,1,1,1,a,32,2018,9,23,hard_bedrock,2.70588235294118
M62,30,23,16,1,1,1,a,23,2018,9,23,hard_bedrock,6.66666666666667
M67,40,39,13,1,1,3,b,14,2018,9,21,mud,3.30769230769231
M69,49,42,21,1,1,3,a,28,2018,9,21,sand_shell,7.18181818181818
M71,21,18,2,1,1,3,a,5,2018,9,21,sand_shell,9
M76,52,44,8,1,0,3,a,16,2018,9,21,sand_shell,9
M78,37,35,5,1,1,3,a,7,2018,9,21,sand_shell,8.46153846153846
M81,45,39,16,1,1,3,a,22,2018,9,21,sand_shell,7.2
M84,63,53,32,1,1,1,a,42,2018,9,22,hard_bedrock,5.66666666666667
M86,50,47,26,1,1,3,a,29,2018,9,22,sand_shell,5.54545454545455
M87,55,40,20,1,1,1,a,35,2018,9,22,hard_bedrock,5.11111111111111
M89,20,14,6,1,0,1,a,12,2018,9,22,hard_bedrock,5
M91,48,39,8,1,0,3,a,17,2018,9,22,sand_shell,9.25
M94,64,52,25,1,1,1,a,37,2018,9,22,hard_bedrock,6.16666666666667
Ohiat,19,4,1,1,0,1,a,16,2021,9,20,hard_bedrock,3.4
Sandford Seagull,4,2,1,1,0,1,a,3,2021,9,21,hard_bedrock,6.33333333333333
Scotts Bay 1,42,35,6,1,0,2,b,13,2021,9,14,mixed_bedrock,5.10526315789474
Scotts Bay 2,15,10,2,1,0,1,b,7,2021,9,14,hard_boulder,3.57142857142857
Swiss Boy,21,12,8,1,0,1,b,17,2021,9,22,hard_boulder,5.36363636363636
Taylor Island,15,13,4,1,0,1,b,6,2021,9,19,hard_boulder,3.7
Tzartus 116,56,34,3,1,0,1,b,25,NA,NA,NA,hard_boulder,5.66666666666667
VH01,29,22,8,1,1,2,b,15,2017,8,30,mixed_bedrock,9.6
VH02,21,17,16,1,1,2,b,20,2017,8,30,mixed_bedrock,9.27777777777778
VH03,21,21,1,1,0,3,b,1,2017,8,30,mud,-0.75
VH04,30,30,0,0,0,3,b,0,2017,8,30,mud,4.05
VH06,43,42,9,1,1,2,b,10,2017,8,30,mixed_bedrock,4.5
VH07,40,37,0,0,0,2,b,3,2017,8,30,mixed_bedrock,5.95
VH08,66,62,1,1,0,2,a,5,2017,8,30,mixed_boulder,4
VH09,68,65,3,1,0,2,b,6,2017,8,30,mixed_bedrock,5.09523809523809
VH10,70,67,4,1,1,2,a,7,2017,8,30,mixed_boulder,5.8
VH11,93,81,4,1,0,1,a,16,2017,8,30,hard_bedrock,4.59090909090909
VH14,27,27,3,1,0,3,b,3,2017,8,30,mud,5.2
VH15,67,67,24,1,0,3,a,24,2017,8,30,sand_shell,2.56521739130435
