HKey,Year,Month,Day,Transect,Latitude,Longitude,RA_RSU,RA_GSU
1,2015,8,29,1004,53.63111668,-129.2304167,N,A
2,2015,8,29,1005,53.6721667,-129.1560333,N,M
3,2015,8,29,1006,53.7243,-129.1018333,N,A
4,2015,8,29,1007,53.76225001,-129.0283167,N,N
5,2015,8,29,1010,53.82125003,-129.06555,N,M
6,2015,8,29,1012,53.77186667,-128.9704166,N,A
7,2015,8,29,1013,53.82388331,-128.98025,N,N
8,2015,8,29,1016,53.84493332,-128.9637833,N,N
9,2015,8,29,1017,53.81696669,-128.89605,N,N
10,2015,8,30,1018,53.83710003,-128.9446,N,N
11,2015,8,30,1019,53.8381333,-128.91655,N,N
12,2015,8,30,1021,53.79350001,-128.9172833,N,N
13,2015,8,30,1022,53.81573334,-128.8859833,N,N
14,2015,8,30,1023,53.85929998,-128.8387334,N,F
15,2015,8,30,1024,53.88151665,-128.789,N,N
16,2015,8,30,1025,53.90990003,-128.7618167,N,F
17,2015,8,30,1026,53.93008334,-128.721,N,N
18,2015,8,29,1027,53.60651665,-129.18225,N,A
19,2015,8,29,1028,53.65320002,-129.1169167,N,F
20,2015,8,29,1029,53.68439999,-129.0355833,N,F
21,2015,8,29,1030,53.69916668,-128.9527334,N,A
22,2015,8,30,1031,53.70855001,-128.8890167,N,N
23,2015,8,29,1032,53.68706665,-129.08285,N,M
24,2015,8,29,1033,53.70775,-128.9964666,N,A
25,2015,8,29,1034,53.72368336,-128.9141167,N,A
26,2015,8,29,1035,53.76949997,-128.87475,N,F
27,2015,8,29,1036,53.75373332,-128.9348833,F,M
28,2015,8,29,1037,53.71818333,-129.0273333,N,F
29,2015,8,29,1038,53.73756669,-128.8859166,F,A
30,2015,8,30,1039,53.73831666,-128.8366166,N,A
31,2015,8,30,1040,53.73831666,-128.8366166,N,A
32,2015,8,30,1041,53.76136665,-128.9751,N,A
33,2015,8,30,1042,53.82370001,-128.7705333,N,M
34,2015,8,30,1043,53.8676,-128.7280333,N,A
35,2015,8,30,1044,53.84608332,-128.6857833,N,N
36,2015,8,30,1045,53.80489998,-128.7115833,N,N
37,2015,8,30,1046,53.78575001,-128.7913,N,N
38,2015,8,30,1047,53.8618,-128.7013166,N,A
39,2015,8,30,1048,53.94958331,-128.6632833,N,N
40,2015,8,30,1050,53.88525003,-128.7131667,N,N
41,2015,8,25,1051,53.29083335,-130.10735,A,M
42,2015,8,25,1052,53.3312,-130.1236,N,N
43,2015,8,25,1054,53.34184999,-130.1591333,M,N
44,2015,8,25,1055,53.35038335,-130.17935,N,N
45,2015,8,25,1057,53.37486668,-130.2551167,A,M
46,2015,8,25,1058,53.39214999,-130.32235,A,F
47,2015,8,26,1059,53.44571667,-130.3894,A,M
48,2015,8,26,1060,53.46868334,-130.4181,A,F
49,2015,8,26,1061,53.50974998,-130.35775,N,N
50,2015,8,26,1063,53.51588332,-130.3870167,N,N
51,2015,8,25,1064,53.50403334,-130.4354167,N,N
52,2015,8,24,1065,53.51295001,-130.4821667,M,N
53,2015,8,24,1066,53.53595002,-130.5002833,A,N
54,2015,8,24,1067,53.55066668,-130.5525833,F,N
55,2015,8,24,1068,53.59873333,-130.5476833,N,N
56,2015,8,25,1070,53.28280001,-130.1035833,A,F
57,2015,8,25,1071,53.31013333,-130.1123167,A,N
58,2015,8,25,1072,53.32165,-130.1514667,A,F
59,2015,8,25,1073,53.33228334,-130.1911667,A,F
60,2015,8,25,1075,53.3485,-130.2130167,A,N
61,2015,8,25,1076,53.35438334,-130.1851333,N,N
62,2015,8,25,1077,53.36676668,-130.2240333,N,N
63,2015,8,25,1078,53.37805001,-130.2683167,A,F
64,2015,8,26,1079,53.43761667,-130.3757167,A,M
65,2015,8,26,1081,53.47275,-130.4334333,A,M
66,2015,8,26,1082,53.48840001,-130.4183,N,N
67,2015,8,26,1086,53.49984999,-130.4153167,N,N
68,2015,8,26,1087,53.50019999,-130.4091667,N,N
69,2015,8,26,1088,53.50024999,-130.4351833,A,F
70,2015,8,26,1089,53.50394999,-130.4534333,M,N
71,2015,8,26,1091,53.50991666,-130.4010667,M,N
72,2015,8,26,1092,53.52529999,-130.3812167,N,N
73,2015,8,24,1093,53.53738333,-130.5242333,M,N
74,2015,8,24,1094,53.5484333,-130.5458,A,M
75,2015,8,24,1095,53.59099998,-130.5404833,F,N
76,2015,8,24,1096,53.59379997,-130.557,F,N
77,2015,8,24,1097,53.60024999,-130.5598833,N,N
78,2015,8,24,1098,53.6096667,-130.58265,A,F
79,2015,8,24,1100,53.62508335,-130.5639333,A,M
80,2015,8,22,1101,53.49273332,-130.0765667,A,N
81,2015,8,23,1102,53.53091666,-130.1738333,F,N
82,2015,8,23,1103,53.56516666,-130.2371333,M,F
83,2015,8,23,1104,53.59689999,-130.3371333,A,F
84,2015,8,23,1105,53.62670002,-130.4296667,F,F
85,2015,8,23,1107,53.46424999,-129.9660833,A,F
86,2015,8,23,1109,53.47246666,-129.92475,M,N
87,2015,8,22,1110,53.49953334,-129.9424833,N,N
88,2015,8,22,1111,53.53920002,-129.8933167,N,N
89,2015,8,21,1112,53.51788333,-129.9669167,F,F
90,2015,8,21,1114,53.51478332,-129.9762334,F,N
91,2015,8,22,1115,53.49516665,-130.0203167,A,F
92,2015,8,22,1116,53.51155001,-129.8286,N,N
93,2015,8,21,1117,53.518,-129.9729333,F,N
94,2015,8,21,1118,53.53251667,-129.9835167,M,F
95,2015,8,20,1119,53.54611664,-129.98955,M,N
96,2015,8,21,1120,53.55186666,-129.9662667,F,F
97,2015,8,20,1122,53.56101665,-129.9807833,M,N
98,2015,8,22,1123,53.55991669,-130.0604833,M,F
99,2015,8,21,1125,53.56576665,-129.9423333,N,N
100,2015,8,23,1126,53.56676668,-130.1373333,M,N
101,2015,8,20,1127,53.57818336,-129.9070167,N,N
102,2015,8,20,1129,53.59341666,-129.9558333,N,N
103,2015,8,21,1130,53.62038333,-130.0628833,F,N
104,2015,8,21,1131,53.58191668,-130.03815,F,N
105,2015,8,20,1132,53.57388331,-129.9689,N,N
106,2015,8,20,1133,53.60291665,-129.9508167,N,N
107,2015,8,20,1134,53.60705001,-129.9098833,N,N
108,2015,8,20,1135,53.57718334,-129.9489833,A,N
109,2015,8,20,1136,53.57373333,-129.8865167,N,F
110,2015,8,21,1137,53.55828336,-129.92225,F,F
111,2015,8,22,1138,53.54653333,-129.88295,N,N
112,2015,8,22,1139,53.52135,-129.8527166,N,N
113,2015,8,22,1141,53.50133333,-129.8735333,N,N
114,2015,8,22,1142,53.48526665,-129.9012167,N,N
115,2015,8,22,1143,53.60021667,-130.09965,M,N
116,2015,8,23,1144,53.56673336,-130.11855,N,N
117,2015,8,23,1145,53.57973334,-130.1910833,M,M
118,2015,8,23,1146,53.60269998,-130.2714833,A,M
119,2015,8,23,1147,53.61389999,-130.3230667,M,N
120,2015,8,23,1149,53.66596667,-130.3961167,M,N
121,2015,8,23,1150,53.64294999,-130.3512333,M,N
122,2015,8,27,1152,52.98748334,-129.3998333,A,M
123,2015,8,27,1153,52.96418336,-129.3520667,A,M
124,2015,8,31,1154,52.9806167,-129.3002333,A,M
125,2015,8,31,1155,53.05695,-129.3309333,A,M
126,2015,8,31,1156,53.10928334,-129.4044333,M,F
127,2015,8,31,1157,53.15905,-129.4592667,M,F
128,2015,8,27,1158,53.18378334,-129.5374333,M,F
129,2015,8,27,1159,53.14809999,-129.56145,M,M
130,2015,8,27,1160,53.13766667,-129.5343334,N,N
131,2015,8,27,1165,53.05898333,-129.4763833,A,A
132,2015,8,27,1166,53.08126667,-129.4674333,N,N
133,2015,8,27,1167,53.03268333,-129.43935,M,F
134,2015,8,31,1168,53.02203333,-129.19665,A,M
135,2015,8,31,1171,53.06311667,-129.23115,F,F
136,2015,8,27,1172,53.0895,-129.5051667,N,F
137,2015,8,27,1174,53.10045,-129.541,M,M
138,2015,8,27,1175,53.1184,-129.5394667,M,F
139,2015,8,27,1176,53.11996667,-129.5207167,N,N
140,2015,8,27,1177,53.12591666,-129.5511833,F,N
141,2015,8,28,1178,53.21118333,-129.5834167,M,F
142,2015,8,31,1179,53.2609,-129.381,M,N
143,2015,8,28,1180,53.28173332,-129.3140167,N,A
144,2015,8,31,1181,53.24241667,-129.3734333,F,N
145,2015,8,31,1182,53.271,-129.3552333,N,N
146,2015,8,31,1184,53.27861665,-129.2616333,N,N
147,2015,8,31,1185,53.22518333,-129.31085,F,N
148,2015,8,31,1186,53.18805,-129.3432833,M,F
149,2015,8,31,1187,53.11806667,-129.3311833,F,N
150,2015,8,31,1188,53.084,-129.2714167,M,F
151,2015,8,28,1189,53.34083335,-129.4304,F,M
152,2015,8,28,1190,53.33329999,-129.44325,N,N
153,2015,8,28,1191,53.38215001,-129.44645,N,N
154,2015,8,28,1192,53.34388332,-129.4057,N,N
155,2015,8,31,1194,53.33463332,-129.3417667,N,F
156,2015,8,28,1195,53.36496668,-129.47395,N,N
157,2015,8,28,1197,53.31248334,-129.52625,N,N
158,2015,8,28,1198,53.30521666,-129.52465,F,N
159,2015,8,28,1199,53.26151667,-129.5064,N,A
160,2015,8,28,1200,53.21025,-129.5078333,A,M
162,2015,5,10,214,52.5965833,-131.54695,A,F
163,2015,5,10,215,52.60391668,-131.58295,F,N
164,2015,5,10,218,52.58275,-131.5774,M,F
165,2015,5,10,219,52.59165001,-131.56545,M,F
166,2015,5,2,220,52.59988333,-131.4296333,A,M
167,2015,5,10,221,52.60039997,-131.50425,M,F
168,2015,5,10,222,52.61511669,-131.46885,A,N
169,2015,5,10,223,52.60695,-131.4499,A,N
170,2015,5,2,224,52.62346668,-131.4232667,A,M
171,2015,5,2,225,52.63986664,-131.4211833,A,M
172,2015,5,10,226,52.63850002,-131.5918,M,F
173,2015,5,18,227,52.64883334,-131.6979666,M,N
174,2015,5,18,228,52.67746665,-131.7181,A,N
175,2015,5,18,229,52.65324999,-131.6858334,M,N
176,2015,5,2,230,52.66511669,-131.4222333,A,M
177,2015,5,18,231,52.65938333,-131.6811333,A,N
178,2015,5,1,232,52.69008331,-131.44195,A,M
179,2015,5,12,233,52.70534999,-131.8092333,N,N
180,2015,5,12,234,52.72450002,-131.7227333,F,M
181,2015,5,12,235,52.75741666,-131.7576667,N,N
182,2015,5,18,236,52.73623333,-131.7682334,N,N
183,2015,5,8,238,52.7381333,-131.6257333,M,F
184,2015,5,8,239,52.74993331,-131.6703833,M,N
185,2015,5,12,240,52.75286668,-131.7291167,N,N
186,2015,5,12,241,52.77026666,-131.7532,F,N
187,2015,5,12,242,52.76940002,-131.6947166,N,N
188,2015,5,12,243,52.77925002,-131.64055,M,M
189,2015,5,8,244,52.75048332,-131.6093667,A,M
190,2015,5,8,245,52.76328335,-131.5917,N,N
191,2015,5,8,247,52.76305002,-131.5505334,M,A
192,2015,5,8,248,52.80579999,-131.4914667,A,F
193,2015,5,12,249,52.79556669,-131.6650833,M,M
194,2015,5,12,250,52.78611666,-131.7205833,M,F
195,2015,5,12,251,52.77913335,-131.7724833,F,F
196,2015,5,12,252,52.75558332,-131.8003167,F,M
197,2015,5,5,2,51.93754997,-131.0123667,M,F
198,2015,5,15,4,51.94280001,-131.0209167,A,M
199,2015,5,5,5,51.96018333,-131.0298667,M,N
200,2015,5,5,6,51.97281666,-131.0110167,A,N
201,2015,5,5,7,52.00211667,-131.0326,A,N
202,2015,5,5,8,52.02383333,-131.0453,N,N
203,2015,5,5,9,52.01018333,-131.00805,F,N
204,2015,5,5,10,52.00745,-130.97955,A,F
205,2015,5,5,11,52.02598333,-131.0033833,A,F
206,2015,5,6,12,52.03998333,-131.0498167,M,N
207,2015,5,6,13,52.07278334,-131.0685167,N,N
208,2015,5,6,14,52.06296667,-131.0499833,M,N
209,2015,5,6,15,52.06196667,-131.0230167,A,N
210,2015,5,6,16,52.05838333,-130.9896166,A,M
211,2015,5,6,17,52.06716667,-130.96325,M,N
212,2015,5,6,18,52.07685,-130.9431167,A,N
213,2015,5,1,19,52.09748333,-130.9422333,A,F
214,2015,5,1,21,52.10746667,-130.98255,A,N
215,2015,5,6,20,52.09846667,-130.9650333,A,F
216,2015,5,1,22,52.1011,-131.0041,F,N
217,2015,5,1,23,52.10048333,-131.0177167,F,N
218,2015,5,7,53,52.25818334,-131.0907833,M,N
219,2015,5,7,54,52.27956667,-131.0841833,A,M
220,2015,5,14,57,52.30450001,-131.1487167,N,N
221,2015,5,14,51,52.2349,-131.1686167,N,N
222,2015,5,14,55,52.28479999,-131.13485,A,M
223,2015,5,14,125,52.28303334,-131.1468167,M,N
224,2015,5,14,59,52.32151667,-131.1695667,A,F
225,2015,5,14,60,52.31121667,-131.2182,N,N
226,2015,5,14,61,52.29838333,-131.2277,N,N
227,2015,5,14,62,52.28906666,-131.2576833,N,N
228,2015,5,14,63,52.27181667,-131.2475667,N,N
229,2015,5,14,64,52.25491667,-131.2347167,N,N
230,2015,5,14,65,52.26136667,-131.2568667,N,N
231,2015,5,14,66,52.28774999,-131.2946833,N,N
232,2015,5,15,68,52.28973335,-131.3233667,N,N
233,2015,5,15,69,52.30933332,-131.3358833,N,N
234,2015,5,15,71,52.3478,-131.361,N,N
235,2015,5,15,72,52.36946665,-131.3552833,N,N
236,2015,5,15,73,52.35888335,-131.3860667,N,N
237,2015,5,15,74,52.36335001,-131.4012833,N,N
238,2015,5,16,75,52.39206667,-131.3895333,N,N
239,2015,5,16,76,52.40405,-131.4146167,N,N
240,2015,5,16,77,52.38461666,-131.4394,N,N
241,2015,5,16,78,52.40083332,-131.4364333,N,N
242,2015,5,16,79,52.43210001,-131.4214,N,N
243,2015,5,17,80,52.46725,-131.4249167,A,F
244,2015,5,1,24,52.1194,-131.0439833,N,N
245,2015,5,1,25,52.12758334,-131.0488833,N,N
246,2015,5,1,26,52.1297,-131.03015,A,N
247,2015,5,1,27,52.15066667,-131.0552,A,N
248,2015,5,1,28,52.15276667,-131.0946,A,N
249,2015,5,6,29,52.13511667,-131.1251,A,N
250,2015,5,4,30,52.1073,-131.1362833,M,N
251,2015,5,6,31,52.05508333,-131.0420167,M,N
252,2015,5,4,32,52.09146667,-131.1372333,A,N
253,2015,5,4,33,52.09983333,-131.1427,A,N
254,2015,5,1,34,52.11155,-130.99505,A,N
255,2015,5,4,35,52.12141666,-131.1715,A,F
256,2015,5,4,36,52.13458333,-131.145,A,F
257,2015,5,4,37,52.16455,-131.13865,M,N
258,2015,5,6,38,52.19163334,-131.1367333,N,N
259,2015,5,4,40,52.18875,-131.12355,N,N
260,2015,4,30,41,52.16191667,-131.1144167,N,N
261,2015,4,30,42,52.16563333,-131.0743,A,N
262,2015,5,7,43,52.16613334,-131.0371833,A,F
263,2015,5,7,44,52.18703334,-131.0111833,A,F
264,2015,5,7,45,52.21259999,-131.00745,N,N
265,2015,5,7,46,52.23040001,-131.0170333,A,N
266,2015,5,7,47,52.2228,-131.0600167,A,M
267,2015,5,7,48,52.22686667,-131.0954333,A,N
268,2015,5,7,49,52.2287,-131.1264,M,N
269,2015,5,7,52,52.24278334,-131.1209,M,F
270,2015,5,17,81,52.46925001,-131.4592833,A,N
271,2015,5,17,82,52.45023333,-131.4719167,N,N
272,2015,5,17,83,52.45421667,-131.47275,N,N
273,2015,5,17,84,52.47126665,-131.4862833,N,N
274,2015,5,17,85,52.47103332,-131.4963667,N,N
275,2015,5,17,86,52.48778334,-131.4747833,A,M
276,2015,5,17,88,52.51745001,-131.5222833,M,N
277,2015,5,17,87,52.50868333,-131.4872333,M,F
278,2015,5,17,89,52.50209999,-131.5586,N,N
279,2015,5,17,91,52.52025,-131.5476,N,N
280,2015,5,11,92,52.53684998,-131.5713,A,F
281,2015,5,11,93,52.51121667,-131.6082,N,N
282,2015,5,11,94,52.52728332,-131.6080333,F,F
283,2015,5,11,95,52.53571669,-131.6455,N,N
284,2015,5,11,96,52.53323332,-131.6752167,N,N
285,2015,5,11,97,52.55183334,-131.6868834,N,N
286,2015,5,11,98,52.54570001,-131.6513833,N,F
287,2015,5,11,100,52.56104997,-131.6204166,M,N
288,2015,5,11,101,52.57045002,-131.6450167,N,N
289,2015,5,11,102,52.58618336,-131.6766666,M,N
290,2015,5,11,104,52.59833336,-131.6816333,M,M
291,2015,5,11,105,52.61375001,-131.7069167,F,M
292,2015,5,11,106,52.62903334,-131.7554,F,N
293,2015,5,11,107,52.62666664,-131.72575,M,N
294,2015,5,11,108,52.62520002,-131.68975,M,F
295,2015,5,18,109,52.65458336,-131.7122334,M,N
296,2015,5,18,111,52.69906667,-131.7568167,M,N
297,2015,5,18,112,52.69961669,-131.7665833,N,N
298,2015,5,12,113,52.71463331,-131.7996167,F,N
299,2015,5,12,115,52.70544999,-131.8431167,N,N
300,2015,5,12,116,52.72099997,-131.8256333,M,F
301,2015,5,12,117,52.75068334,-131.8139667,N,N
302,2015,5,1,118,52.12928333,-131.0195167,M,N
303,2015,4,30,119,52.15338333,-131.05915,A,F
304,2015,5,4,120,52.15933334,-131.1243333,A,F
305,2015,5,6,121,52.19478334,-131.1355167,N,N
306,2015,5,7,122,52.22901667,-131.0100667,A,F
307,2015,5,14,123,52.23368333,-131.1387667,M,N
308,2015,5,7,124,52.26026667,-131.0666333,A,M
309,2015,5,14,126,52.29146668,-131.2639167,N,N
310,2015,5,14,127,52.30266666,-131.2746833,A,N
311,2015,5,15,128,52.31696666,-131.33735,N,N
312,2015,5,15,129,52.32553333,-131.2736,A,F
313,2015,5,13,130,52.32586667,-131.2481,A,N
314,2015,5,15,131,52.34196666,-131.3367333,N,N
315,2015,5,15,132,52.36489998,-131.35235,N,N
316,2015,5,16,133,52.40090001,-131.3652333,N,N
317,2015,5,16,134,52.42716665,-131.35455,M,N
318,2015,5,16,135,52.44306666,-131.3093333,N,N
319,2015,5,13,136,52.45281668,-131.2537333,A,N
320,2015,5,13,137,52.42098335,-131.2459833,A,M
321,2015,5,13,138,52.39763333,-131.2786833,F,F
322,2015,5,13,139,52.37000001,-131.30205,N,N
323,2015,5,13,141,52.36631667,-131.29355,N,N
324,2015,5,13,142,52.37035001,-131.2787833,M,N
325,2015,5,13,143,52.36933333,-131.2471167,A,M
326,2015,5,13,144,52.35081666,-131.2589333,A,F
327,2015,5,13,145,52.34675001,-131.3023833,F,N
328,2015,5,15,146,52.32615,-131.344,N,N
329,2015,5,13,147,52.332,-131.3017667,N,N
330,2015,5,13,148,52.34528332,-131.2548833,A,F
331,2015,5,13,149,52.35255,-131.2141333,M,F
332,2015,5,13,150,52.36031666,-131.1856167,M,F
333,2015,5,8,196,52.71248334,-131.6770334,N,N
334,2015,5,7,197,52.70555,-131.6623334,N,N
335,2015,5,8,198,52.69303335,-131.6422667,N,N
336,2015,5,8,199,52.70416667,-131.6041667,N,N
337,2015,5,8,200,52.68703334,-131.5605,N,N
338,2015,5,8,201,52.70166664,-131.5532667,M,M
339,2015,5,8,202,52.72861665,-131.5237167,M,N
340,2015,5,2,203,52.73676669,-131.4834333,A,M
341,2015,5,2,204,52.714,-131.44395,N,N
342,2015,5,2,206,52.67715003,-131.4465167,A,M
343,2015,5,2,207,52.65703335,-131.45185,A,N
344,2015,5,10,208,52.62198334,-131.4674667,M,N
345,2015,5,10,209,52.61885001,-131.5264,A,F
346,2015,5,10,210,52.64611664,-131.5661333,N,N
347,2015,5,10,211,52.64874999,-131.5931167,M,F
348,2015,5,10,212,52.63538335,-131.6017833,N,N
349,2015,5,10,213,52.62555002,-131.58035,N,F
350,2015,5,13,151,52.35723333,-131.3128167,N,N
351,2015,5,15,152,52.36713333,-131.37775,N,N
352,2015,5,15,153,52.37993333,-131.3867333,N,N
353,2015,5,15,154,52.38085,-131.3737333,N,N
354,2015,5,6,155,52.39321667,-131.38135,N,N
355,2015,5,16,156,52.42893333,-131.4001,N,N
356,2015,5,16,157,52.42308334,-131.3764833,N,N
357,2015,5,16,158,52.44378335,-131.39015,M,N
358,2015,5,16,159,52.46740001,-131.3654,A,F
359,2015,5,16,160,52.43755,-131.3577167,F,N
360,2015,5,16,161,52.44151665,-131.3178333,M,N
361,2015,5,17,163,52.48351666,-131.4003167,F,F
362,2015,5,17,164,52.52471666,-131.5085,A,F
363,2015,5,11,165,52.53191668,-131.6076167,M,M
364,2015,5,9,166,52.54229997,-131.3771833,A,M
365,2015,5,9,167,52.55986665,-131.3453667,M,F
366,2015,5,9,168,52.58133335,-131.3647,A,M
367,2015,5,9,169,52.57234999,-131.3980833,N,N
368,2015,5,9,170,52.56756668,-131.42805,A,N
369,2015,5,9,171,52.54893335,-131.41045,A,F
370,2015,5,11,172,52.54328334,-131.6303666,M,N
371,2015,5,9,174,52.54753335,-131.4012667,M,N
372,2015,5,9,175,52.56991666,-131.3456333,A,A
373,2015,5,9,176,52.57555002,-131.3930167,A,N
374,2015,5,9,177,52.57360001,-131.4369833,A,N
375,2015,5,2,178,52.57786668,-131.4157,A,F
376,2015,5,17,179,52.58156668,-131.5631166,M,N
377,2015,5,9,180,52.57928333,-131.4637833,A,M
378,2015,5,9,181,52.59316667,-131.4458,M,N
379,2015,5,10,182,52.61585,-131.4406167,A,M
380,2015,5,10,183,52.59870001,-131.4598,M,N
381,2015,5,9,184,52.57668336,-131.47165,M,F
382,2015,5,17,185,52.57520002,-131.5659167,M,F
383,2015,5,11,186,52.58735002,-131.6143667,M,F
384,2015,5,11,187,52.62076664,-131.6456333,F,N
385,2015,5,18,188,52.65259997,-131.6599667,N,N
386,2015,5,18,190,52.68561668,-131.7038666,F,N
387,2015,5,12,191,52.71318334,-131.71945,M,F
388,2015,5,12,192,52.73406665,-131.6819,N,F
389,2015,5,12,193,52.72688332,-131.6236666,M,N
390,2015,5,8,194,52.72176666,-131.5775,M,N
391,2015,5,8,195,52.71570002,-131.6197833,N,N
392,2014,9,9,1,52.42861665,-128.9982167,A,F
393,2014,9,9,2,52.44703334,-128.98665,A,N
394,2014,9,9,3,52.45434999,-128.9934834,M,N
395,2014,9,9,4,52.46623335,-129.0191,A,N
396,2014,9,9,5,52.47106667,-129.0258,M,N
397,2014,9,9,6,52.45461667,-128.9854167,N,N
398,2014,9,10,7,52.48435001,-128.94395,F,F
399,2014,9,10,8,52.58355001,-128.93245,A,F
400,2014,9,10,9,52.65736669,-128.99335,A,M
401,2014,9,10,10,52.69076665,-129.0552333,F,F
402,2014,9,9,11,52.49703334,-129.0006167,N,N
403,2014,9,9,12,52.52536666,-129.0375833,N,N
404,2014,9,9,13,52.51784999,-129.0627667,A,N
405,2014,9,9,14,52.47945,-129.0095167,N,N
406,2014,9,9,15,52.48301668,-128.9998667,N,N
407,2014,9,9,16,52.49178333,-129.0023,N,N
408,2014,9,9,18,52.50116666,-129.0445167,N,N
409,2014,9,8,19,52.51123333,-129.0585,A,N
410,2014,9,9,20,52.51278334,-129.0542,N,N
411,2014,9,5,21,52.51546666,-129.3305833,M,N
412,2014,9,9,22,52.52288332,-129.0298,N,N
413,2014,9,5,23,52.50644999,-129.3442667,M,N
414,2014,9,5,24,52.55310001,-129.16755,A,F
415,2014,9,5,25,52.57388331,-129.1599667,N,N
416,2014,9,5,26,52.59669997,-129.1591667,A,N
417,2014,9,5,28,52.61005001,-129.1902167,A,F
418,2014,9,5,30,52.6287,-129.2132667,A,N
419,2014,9,5,31,52.64041665,-129.2181333,M,N
420,2014,9,4,32,52.64360002,-129.43705,A,F
421,2014,9,4,36,52.66700001,-129.4129,N,N
422,2014,9,10,37,52.68861669,-128.9761833,A,N
423,2014,9,5,38,52.67361666,-129.2278833,M,N
424,2014,9,4,39,52.69501667,-129.4198,A,N
425,2014,9,10,40,52.70058333,-129.0423,A,M
426,2014,9,10,42,52.74151669,-129.0639,F,F
427,2014,9,10,43,52.77645003,-129.0930667,A,N
428,2014,9,10,44,52.79618333,-129.0895167,N,N
429,2014,9,11,45,52.81420002,-129.1204667,A,N
430,2014,9,11,46,52.87038333,-129.1365833,A,F
431,2014,9,11,47,52.8412667,-129.0161,N,F
432,2014,9,11,48,52.86800003,-129.0531,F,F
433,2014,9,11,49,52.93050003,-128.9914833,M,N
434,2014,9,11,50,52.97311668,-128.951,N,N
435,2014,9,11,51,53.01043333,-128.9371333,F,F
436,2014,9,11,52,52.98351669,-128.9811833,F,F
437,2014,9,11,53,52.90833333,-129.0662833,F,N
438,2014,9,11,54,52.92348334,-129.1307833,F,F
439,2014,9,10,55,52.70686665,-129.0076667,A,F
440,2014,9,10,68,52.66393331,-128.93145,A,F
441,2014,9,4,69,52.73655001,-129.2879833,A,N
442,2014,9,10,70,52.76836669,-129.1718833,F,N
443,2014,9,4,71,52.82538331,-129.2777,M,N
444,2014,9,4,72,52.69975001,-129.2463167,N,N
445,2014,9,5,73,52.68403333,-129.2107333,N,N
446,2014,9,5,74,52.67131666,-129.2187167,N,N
447,2014,9,5,75,52.65444997,-129.2303333,A,N
448,2014,9,5,76,52.60138334,-129.1369833,N,N
449,2014,9,5,77,52.55601667,-129.1323333,A,N
450,2014,9,4,78,52.73878333,-129.3719,A,F
451,2014,9,10,79,52.74599997,-129.0675667,M,F
452,2014,9,10,80,52.75764999,-129.0758667,M,N
453,2014,9,4,81,52.77178332,-129.3888,A,N
454,2014,9,4,82,52.77415002,-129.3548667,A,F
455,2014,9,4,83,52.79051666,-129.39015,A,N
456,2014,9,4,84,52.80258331,-129.3222333,A,M
457,2014,9,4,85,52.85493336,-129.3442167,N,N
458,2014,9,4,86,52.80163333,-129.3435333,A,F
459,2014,9,4,87,52.8247167,-129.3153,A,N
460,2014,9,11,88,52.89740003,-129.1529,A,N
461,2014,9,11,89,52.92090003,-129.1456,N,F
462,2014,9,11,92,52.92779999,-129.1737667,A,M
463,2014,9,11,94,52.96566664,-129.13765,N,N
464,2014,9,11,97,52.97874997,-129.3018667,A,N
465,2014,9,11,136,53.00201667,-129.1989333,A,N
466,2014,9,11,137,52.96588332,-129.1991,A,F
467,2014,9,6,176,53.2316,-130.0351,A,N
468,2014,9,6,178,53.25716667,-130.0671833,N,N
469,2014,9,6,193,53.2406,-130.0541167,A,F
470,2014,9,6,195,53.24893333,-130.0379167,N,N
471,2014,9,6,196,53.25886666,-130.0898167,A,M
472,2014,9,6,199,53.28588333,-130.0938,N,N
473,2014,9,6,200,53.31043332,-130.1091667,A,N
474,2014,9,6,201,53.31846666,-130.1233667,N,N
475,2014,9,6,206,53.28396667,-130.0959,M,N
476,2014,9,14,208,53.29456666,-128.9903667,F,F
477,2014,9,7,215,53.49125001,-130.0736167,A,N
478,2014,9,7,216,53.52620001,-130.1437167,A,N
479,2014,9,7,217,53.53708331,-130.1727167,A,M
480,2014,9,7,218,53.57188333,-130.2522167,M,N
481,2014,9,7,219,53.6,-130.3500333,F,N
482,2014,9,7,220,53.62963333,-130.4378667,A,N
483,2014,9,7,221,53.6387167,-130.4783,N,N
484,2014,9,7,222,53.63051669,-130.53695,N,F
485,2014,9,6,228,53.31316668,-130.12925,A,F
486,2014,9,14,234,53.32323332,-128.88845,M,N
487,2014,9,14,235,53.37665002,-128.8854834,M,F
488,2014,9,14,236,53.44324999,-128.8857167,N,M
489,2014,9,14,237,53.47813333,-128.8555333,F,M
490,2014,9,14,238,53.45715001,-128.94385,F,F
491,2014,9,12,239,53.53215001,-128.9664167,N,F
492,2014,9,12,240,53.54021664,-128.9326167,N,M
493,2014,9,12,344,53.57025,-128.8849,N,M
494,2014,9,12,345,53.64383335,-128.8840333,N,N
495,2014,9,8,353,53.59281667,-129.9545834,N,N
496,2014,9,7,355,53.56829999,-129.9949167,M,N
497,2014,9,8,356,53.59458332,-130.0541,N,N
498,2014,9,8,357,53.62931665,-130.0357833,N,F
499,2014,9,8,358,53.64773331,-129.9432833,N,N
500,2014,9,8,360,53.64736665,-129.9830667,N,N
501,2014,9,8,361,53.64465001,-130.0875333,M,N
502,2014,9,8,368,53.60003332,-129.9539333,N,N
503,2014,9,12,445,53.71505,-128.7841333,N,N
504,2014,9,12,446,53.66008333,-128.8229167,N,N
505,2014,9,13,250,53.43345,-128.42195,N,F
506,2014,9,13,251,53.47154999,-128.3634167,N,F
507,2014,9,14,254,53.33516668,-129.0272167,N,F
508,2014,9,14,255,53.3191,-128.9372,F,F
509,2014,9,14,256,53.40169999,-128.9235833,N,N
510,2014,9,14,257,53.46128333,-128.98,M,F
511,2014,9,3,283,53.41526667,-129.83725,F,N
512,2014,9,3,284,53.43368333,-129.8404,M,N
513,2014,9,3,285,53.45091667,-129.8014333,F,N
514,2014,9,3,286,53.44876668,-129.8337166,N,F
515,2014,9,3,287,53.45521666,-129.8432667,M,F
516,2014,9,13,319,53.51138334,-128.7482167,N,A
517,2014,9,12,447,53.57874997,-128.78265,N,N
518,2014,9,13,448,53.55153332,-128.7321334,N,N
519,2014,9,13,449,53.50193332,-128.6483833,N,N
520,2014,9,13,450,53.45341667,-128.58605,N,A
521,2014,9,13,451,53.43395001,-128.50895,N,A
522,2014,9,13,452,53.44601666,-128.4293667,N,A
523,2014,9,13,453,53.48435001,-128.3946833,N,F
524,2014,9,13,501,53.47571665,-128.3538333,N,F
525,2014,9,13,502,53.45314999,-128.15575,N,N
526,2014,9,13,503,53.41631667,-128.0728333,N,F
527,2014,9,13,504,53.37543332,-128.07775,N,N
528,2014,9,13,505,53.35654999,-128.0053167,N,F
529,2014,9,13,288,53.45596666,-129.88405,F,N
530,2014,9,14,298,53.46623335,-128.9862666,N,F
531,2014,9,11,299,53.49583333,-129.0636833,N,F
532,2014,9,12,300,53.37798335,-129.128,N,N
533,2014,9,3,304,53.47018334,-129.9041334,F,N
534,2014,9,12,241,53.56088333,-128.8046666,N,M
535,2014,9,13,242,53.49155,-128.7592667,N,N
536,2014,9,13,243,53.45666666,-128.6826,N,N
537,2014,9,13,244,53.4853,-128.6969334,N,A
538,2014,9,13,245,53.43566666,-128.5938,N,F
539,2014,9,13,246,53.39816666,-128.5242833,N,N
540,2014,9,13,247,53.34643332,-128.5006167,N,N
541,2014,9,13,248,53.38131666,-128.4894167,N,N
542,2014,9,13,249,53.41368332,-128.5003,N,F
543,2014,9,3,309,53.48999999,-129.9008666,N,N
544,2014,9,8,311,53.51358334,-129.9774833,F,F
545,2014,9,8,312,53.49873333,-129.9615667,N,N
546,2014,9,3,313,53.54688333,-129.9323167,F,N
547,2014,9,3,314,53.5162,-129.9019167,N,N
548,2014,9,3,315,53.53116668,-129.8828334,N,N
549,2014,9,8,316,53.55833333,-129.9217667,N,N
550,2014,9,3,317,53.47843332,-129.92305,N,N
551,2014,9,7,331,53.55226669,-129.9941833,A,M
552,2014,9,7,332,53.53693333,-129.9756667,M,F
553,2014,9,8,333,53.55300001,-129.9755,N,N
554,2014,9,8,337,53.57486668,-129.9230167,N,N
555,2014,9,8,338,53.57779999,-129.9288333,N,N
556,2014,9,12,340,53.39978333,-129.1502667,N,N
557,2014,9,12,341,53.49506667,-129.0926667,N,F
558,2014,9,12,342,53.55024999,-129.0219,N,F
559,2014,9,12,343,53.57586664,-128.9527166,F,N
560,2014,9,12,372,53.60830002,-128.8760667,N,N
561,2014,9,7,373,53.62296664,-130.5507333,N,N
562,2014,9,8,376,53.56421668,-129.8926333,N,N
563,2014,9,7,377,53.62154999,-130.5693333,A,F
564,2014,9,12,384,53.65298335,-128.8611167,N,N
565,2014,9,8,386,53.62409999,-130.1172333,M,F
566,2014,5,8,387,53.68110002,-130.1132667,M,M
567,2014,5,8,388,53.71079998,-130.2052333,A,M
568,2014,5,8,389,53.77099997,-130.2243167,A,F
569,2014,5,5,393,53.70300001,-130.3840167,N,N
570,2014,5,5,394,53.68453331,-130.4088333,M,F
571,2014,4,28,396,53.67203331,-129.7552834,N,F
572,2014,4,23,397,53.69213333,-129.0281833,A,A
573,2014,4,23,398,53.70339998,-129.073,N,A
574,2014,4,23,399,53.74443334,-128.9585,N,A
575,2014,4,23,400,53.75153332,-128.9074834,N,A
576,2014,4,23,401,53.70658334,-128.9735,N,A
577,2014,4,23,402,53.67531668,-129.08215,N,A
578,2014,4,25,403,53.60770003,-129.18185,N,A
579,2014,4,23,404,53.72061666,-128.8747833,N,A
580,2014,4,23,405,53.73678335,-128.8355,N,A
581,2014,5,5,406,53.71773332,-130.4154833,M,F
582,2014,5,5,407,53.73283335,-130.41985,M,M
583,2014,5,5,408,53.74368331,-130.3938833,M,F
584,2014,5,5,409,53.73758335,-130.4101167,F,N
585,2014,5,5,410,53.74788335,-130.37865,N,N
586,2014,5,5,412,53.75405,-130.3667167,N,N
587,2014,4,24,414,53.8447333,-128.6927,N,A
588,2014,4,23,415,53.77698332,-128.9507,N,N
589,2014,4,23,416,53.80970001,-128.8973,N,N
590,2014,4,24,417,53.83788331,-128.86105,N,F
591,2014,4,24,418,53.89743334,-128.7848167,N,N
592,2014,4,24,419,53.96316668,-128.7023666,N,N
593,2014,4,25,420,53.84241664,-128.9366667,N,N
594,2014,4,25,421,53.83268331,-128.9624333,N,A
595,2014,4,25,422,53.85030003,-128.9755334,N,M
596,2014,4,23,423,53.77056669,-128.9724833,N,A
597,2014,4,25,424,53.78548336,-129.0632167,N,A
598,2014,4,25,425,53.80821667,-129.0953333,N,M
599,2014,4,25,426,53.76369998,-129.0442,N,F
600,2014,4,23,427,53.73078334,-129.08025,F,A
601,2014,4,25,428,53.66228333,-129.1811667,F,A
602,2014,4,25,429,53.63349997,-129.2588667,N,N
603,2014,4,25,430,53.59221668,-129.2512167,N,A
604,2014,4,25,431,53.51815001,-129.23865,N,A
605,2014,4,25,432,53.55891666,-129.34085,N,N
606,2014,4,25,434,53.41123333,-129.2546333,N,F
607,2014,4,24,435,53.85933336,-128.7514333,N,N
608,2014,4,24,436,53.83316669,-128.7366833,N,N
609,2014,4,24,437,53.93893331,-128.6676333,N,N
610,2014,4,24,438,53.88824997,-128.7104,N,A
611,2014,4,24,439,53.8662,-128.6470667,N,N
612,2014,4,24,440,53.84626668,-128.5034,N,N
613,2014,4,24,441,53.83126666,-128.5226667,N,N
614,2014,4,24,442,53.83243332,-128.6074,N,N
615,2014,4,24,443,53.83406665,-128.7025667,F,A
616,2014,4,24,444,53.80513331,-128.7468,N,N
617,2014,5,17,101,53.04568333,-129.4518333,F,N
618,2014,5,17,102,53.06985,-129.4684167,N,F
619,2014,5,17,103,53.09516667,-129.49905,N,N
620,2014,5,17,104,53.09961667,-129.5187833,N,N
621,2014,5,14,105,53.1166,-129.5046167,N,N
622,2014,5,14,106,53.12173333,-129.5516834,A,N
623,2014,5,13,108,53.14235001,-129.5607667,N,F
624,2014,5,13,109,53.15733333,-129.5591167,F,F
625,2014,5,13,110,53.1844,-129.5367833,M,F
626,2014,4,27,111,53.16570001,-129.4685333,A,M
627,2014,5,16,113,52.98776665,-129.5285167,A,F
628,2014,5,16,114,52.98033333,-129.553,N,N
629,2014,5,15,119,53.01538333,-129.6635,A,F
630,2014,5,15,120,53.01965,-129.6549,A,N
631,2014,5,16,121,53.00485,-129.5865167,N,N
632,2014,5,16,123,53.00931667,-129.53005,F,N
633,2014,5,15,124,53.03971666,-129.6593833,M,F
634,2014,5,20,125,53.06361667,-129.6962166,N,N
635,2014,5,20,126,53.05175,-129.6337833,N,N
636,2014,5,15,127,53.01485,-129.6531167,A,N
637,2014,5,20,128,53.04118333,-129.5963,N,N
638,2014,4,27,98,53.04316667,-129.3155667,A,M
639,2014,4,27,99,53.08193333,-129.3808167,A,N
640,2014,5,17,100,52.98879999,-129.4045333,A,F
641,2014,5,16,129,53.0353,-129.55855,N,N
642,2014,5,16,130,53.02035,-129.5339666,F,F
643,2014,5,15,131,53.03823333,-129.6989667,A,M
644,2014,4,26,132,53.07193333,-129.21645,A,M
645,2014,5,20,133,53.0454,-129.5861167,N,N
646,2014,5,20,134,53.05831667,-129.6119,N,N
647,2014,4,26,135,53.07388333,-129.1444667,M,A
648,2014,5,15,138,53.06233333,-129.7302,A,M
649,2014,5,20,139,53.06516667,-129.67095,N,N
650,2014,5,20,140,53.07416666,-129.59765,F,F
651,2014,5,17,141,53.11331666,-129.6427333,A,F
652,2014,4,26,142,53.08106666,-129.1255,F,A
653,2014,5,17,143,53.09661667,-129.5092167,F,N
654,2014,5,14,144,53.10683333,-129.5402166,N,N
655,2014,5,14,145,53.12038333,-129.5340333,N,N
656,2014,5,14,146,53.12006667,-129.5358667,N,F
657,2014,5,14,148,53.13028333,-129.52845,N,N
658,2014,5,1,149,53.12483333,-129.7523,N,N
659,2014,4,27,152,53.13181667,-129.3416167,A,N
660,2014,4,27,153,53.09001667,-129.2384667,A,F
661,2014,5,7,151,53.16133334,-129.7346667,M,F
662,2014,4,26,154,53.09068333,-129.1755,A,M
663,2014,4,26,155,53.13638333,-129.1549833,N,A
664,2014,4,26,156,53.19095,-129.16875,F,M
665,2014,4,26,157,53.24443334,-129.1730333,N,A
666,2014,4,26,158,53.30169999,-129.2056833,N,A
667,2014,4,26,159,53.32704999,-129.2787833,N,A
668,2014,4,27,161,53.2313,-129.2972833,N,N
669,2014,4,27,162,53.18086667,-129.3453,M,M
670,2014,5,6,163,53.16073333,-129.9261833,M,F
671,2014,5,1,164,53.1642,-129.9359166,M,N
672,2014,5,1,165,53.16550001,-129.9567834,A,N
673,2014,5,6,166,53.1665,-129.7966333,N,N
674,2014,5,1,167,53.17376666,-129.9711166,A,F
675,2014,5,7,168,53.18390001,-129.7755166,N,N
676,2014,4,26,169,53.21038334,-129.0527,A,N
677,2014,4,26,170,53.17216667,-129.0912333,M,N
678,2014,4,26,171,53.08183333,-129.1047667,N,A
679,2014,5,1,172,53.16441666,-129.9387,A,N
680,2014,5,6,173,53.17278333,-129.8795666,M,F
681,2014,5,7,174,53.19208333,-129.9814833,M,F
682,2014,5,7,175,53.20681667,-130.0069,A,M
683,2014,5,6,180,53.16475,-129.78575,F,F
684,2014,5,6,181,53.17426667,-129.8311333,F,F
685,2014,5,7,182,53.20524999,-129.9943,A,F
686,2014,5,12,183,53.2285,-129.6046167,M,F
687,2014,5,12,184,53.25828333,-129.6359166,F,N
688,2014,5,12,185,53.27606665,-129.6561833,N,N
689,2014,4,27,190,53.2596,-129.3403667,N,F
690,2014,4,27,191,53.26973333,-129.35755,N,N
691,2014,4,27,192,53.25323334,-129.3704167,F,F
692,2014,4,26,198,53.24356667,-129.0727333,N,N
693,2014,5,18,202,53.33603334,-130.1599667,F,N
694,2014,5,12,204,53.28598334,-129.6724167,M,N
695,2014,4,26,209,53.29423332,-129.07785,N,F
696,2014,5,12,210,53.29976667,-129.82055,M,F
697,2014,5,11,211,53.33516668,-129.8613,N,N
698,2014,5,11,212,53.36098334,-129.8797167,M,F
699,2014,5,11,213,53.40753333,-129.9346167,F,N
700,2014,5,11,214,53.44036668,-129.97505,M,F
701,2014,5,3,223,53.59986668,-130.5460334,N,N
702,2014,5,3,224,53.57950001,-130.5504833,M,N
703,2014,5,3,225,53.55958335,-130.5492,A,F
704,2014,5,3,226,53.53700002,-130.5032833,A,N
705,2014,5,12,230,53.32385,-129.6995167,M,N
706,2014,5,13,233,53.33813334,-129.74475,M,N
707,2014,4,27,252,53.35666666,-129.4655,N,N
708,2014,4,26,253,53.3129,-129.1181,N,M
709,2014,5,18,258,53.33248332,-130.1915,A,F
710,2014,5,18,263,53.34198332,-130.1730833,A,F
711,2014,5,18,264,53.34914999,-130.2102333,A,M
712,2014,5,18,265,53.35249999,-130.1876667,F,N
713,2014,5,18,267,53.36336667,-130.2263167,A,N
714,2014,4,25,269,53.36555001,-129.2575333,N,A
715,2014,4,25,270,53.38031667,-129.2216667,N,A
716,2014,4,28,271,53.37713334,-129.3241333,N,F
717,2014,4,27,274,53.34368334,-129.4041333,N,N
718,2014,4,27,275,53.29343335,-129.4105167,F,A
719,2014,4,29,276,53.31138334,-129.3316833,F,A
720,2014,4,28,277,53.37451668,-129.3525,M,A
721,2014,5,18,279,53.38643335,-130.30985,A,N
722,2014,4,27,280,53.36263332,-129.4725333,N,N
723,2014,4,27,281,53.28518333,-129.47655,N,F
724,2014,5,19,290,53.43294999,-130.3693667,A,F
725,2014,5,19,294,53.50673332,-130.3862833,N,N
726,2014,5,19,295,53.45279999,-130.4049833,A,F
727,2014,5,11,296,53.45310001,-129.8946833,M,N
728,2014,5,10,297,53.45926666,-129.9184834,M,F
729,2014,5,4,301,53.46606668,-130.6059333,M,N
730,2014,5,4,303,53.47224998,-130.5795333,A,N
731,2014,5,19,305,53.47519999,-130.4149833,F,N
732,2014,5,10,307,53.47696667,-129.9855,M,F
733,2014,5,19,308,53.48648332,-130.4258167,N,N
734,2014,5,10,310,53.49106668,-130.00495,M,F
735,2014,5,10,328,53.53146667,-129.9932166,M,M
736,2014,5,4,318,53.50053333,-130.6338667,M,M
737,2014,5,19,320,53.50531667,-130.3925667,N,N
738,2014,4,28,322,53.48958333,-129.5342333,N,N
739,2014,4,28,323,53.44760002,-129.4649167,F,M
740,2014,5,19,325,53.51545,-130.3875,N,N
741,2014,5,19,326,53.50361665,-130.44265,N,F
742,2014,5,4,327,53.52025,-130.4923167,M,N
743,2014,5,3,330,53.5425333,-130.5253333,F,N
744,2014,5,2,334,53.56264998,-130.0801167,N,N
745,2014,5,2,335,53.55125001,-130.0654,A,F
746,2014,5,2,336,53.57181664,-130.1917,M,M
747,2014,4,25,339,53.45243333,-129.1737167,N,A
748,2014,4,23,346,53.71231664,-128.8402,N,A
749,2014,4,23,347,53.70215003,-128.9061833,N,N
750,2014,5,2,350,53.58031667,-130.1916,A,F
751,2014,5,2,351,53.5927,-130.22555,M,F
752,2014,5,2,352,53.61149998,-130.2954167,N,N
753,2014,5,3,354,53.5947333,-130.5766333,M,F
754,2014,5,3,369,53.59848334,-130.5649,N,N
755,2014,5,8,362,53.70426668,-130.0929167,N,N
756,2014,5,8,363,53.69836667,-130.1072333,M,M
757,2014,5,8,364,53.71848335,-130.1944,A,F
758,2014,5,8,365,53.78191668,-130.2111333,F,F
759,2014,4,28,378,53.54498336,-129.60775,M,M
760,2014,4,28,379,53.50251665,-129.53505,N,N
761,2014,4,28,380,53.45433334,-129.4479667,M,A
762,2014,4,28,381,53.40169999,-129.3715667,N,F
763,2014,5,2,383,53.64521669,-130.3539333,F,N
838,2013,9,12,103,53.26025,-129.27115,M,N
839,2013,9,12,101,53.26735001,-129.2586667,F,N
840,2013,9,13,25,53.52308334,-130.13265,M,N
841,2013,9,13,12,53.53224999,-130.159,A,M
842,2013,9,13,16,53.54301669,-130.1836333,M,F
844,2013,9,15,27,53.64885,-130.3720167,M,N
845,2013,9,15,21,53.66163336,-130.39635,A,F
846,2013,9,15,18,53.64078331,-130.3605167,A,M
847,2013,9,16,11,53.51526667,-130.10835,A,F
848,2013,9,16,30,53.61343333,-130.3055667,N,N
849,2013,9,16,2,53.60546665,-130.2777333,F,N
850,2013,9,16,1,53.6081,-130.3006833,A,F
851,2013,9,16,5,53.58729998,-130.21295,M,
852,2013,9,17,10,53.54766668,-130.0987167,M,N
853,2013,9,17,6,53.57304999,-130.1992333,A,F
854,2013,9,17,8,53.56481667,-130.1805667,M,N
855,2013,9,17,13,53.56428331,-130.1136,N,N
856,2013,9,17,15,53.56749999,-130.1386167,N,N
857,2013,9,19,131,53.27596668,-129.3086833,A,N
858,2013,9,19,102,53.2801,-129.2652667,N,M
859,2013,9,19,135,53.28163335,-129.3715833,N,N
860,2013,9,19,134,53.28471667,-129.3507167,F,A
861,2013,9,20,122,53.28806667,-129.5242333,N,M
862,2013,9,20,120,53.29350001,-129.5267333,M,N
863,2013,9,20,121,53.29753332,-129.51815,N,N
864,2013,9,20,129,53.25929999,-129.5097,N,F
865,2013,9,20,130,53.21993333,-129.5267833,N,N
866,2013,9,20,124,53.20785,-129.50465,Null,Null
867,2013,9,21,125,53.11921666,-129.33445,M,N
868,2013,9,21,127,53.12693334,-129.4163333,A,F
869,2013,9,21,123,53.17701667,-129.4780167,F,N
870,2013,9,21,110,53.26201666,-129.3796333,N,F
871,2013,9,21,111,53.27304999,-129.3726,F,F
873,2013,9,22,113,53.33103333,-129.3988833,F,N
874,2013,9,22,119,53.35005,-129.4381667,F,F
875,2013,9,22,117,53.34938332,-129.4757167,N,N
1169,2017,8,25,GI01,48.66410001,-123.27995,A,F
1170,2017,8,24,GI02,48.66749999,-123.2941833,M,N
1171,2017,8,25,GI03,48.66693331,-123.2957167,F,N
1172,2017,8,25,GI04,48.68178336,-123.3231333,A,N
1173,2017,8,25,GI05,48.67781665,-123.3406167,A,F
1174,2017,8,25,GI06,48.67234999,-123.3567667,A,F
1175,2017,8,26,GI08,48.68270003,-123.3947167,N,N
1176,2017,8,26,GI09,48.68959999,-123.3876667,N,N
1177,2017,8,26,GI10,48.69155,-123.37985,N,N
1178,2017,8,26,GI13,48.71546669,-123.3828167,N,N
1179,2017,9,8,GI15,48.73375003,-123.3798333,F,N
1180,2017,9,8,GI16,48.72596664,-123.3576667,N,F
1181,2017,8,26,GI17,48.71681665,-123.3314833,F,N
1182,2017,9,8,GI18,48.73256664,-123.3171833,M,N
1183,2017,9,8,GI19,48.72501666,-123.3033833,M,N
1184,2017,8,26,GI20,48.70021667,-123.2988,M,N
1185,2017,9,7,GI21,48.78216667,-123.3123833,N,N
1186,2017,9,6,GI22,48.7948,-123.3149167,N,N
1187,2017,9,6,GI23,48.79938335,-123.3146667,N,N
1188,2017,8,28,GI24,48.82253335,-123.31615,M,N
1189,2017,8,28,GI25,48.81576665,-123.2825833,N,N
1190,2017,8,28,GI26,48.80353336,-123.2724333,N,N
1191,2017,8,28,GI27,48.83133335,-123.35375,F,N
1192,2017,8,28,GI28,48.81596667,-123.35955,M,F
1193,2017,9,6,GI29,48.81871668,-123.37385,N,N
1194,2017,9,6,GI30,48.81225001,-123.3662333,N,N
1195,2017,9,7,GI31,48.82248332,-123.38895,N,N
1196,2017,9,7,GI32,48.82688332,-123.3987333,N,N
1197,2017,9,7,GI33,48.82699998,-123.3989167,N,N
1198,2017,9,7,GI35,48.83446668,-123.4049167,A,N
1199,2017,8,27,GI36,48.84671669,-123.4033333,N,N
1200,2017,8,28,GI37,48.84246667,-123.3833667,N,N
1201,2017,8,27,GI39,48.86523336,-123.3447333,N,N
1202,2017,8,27,GI43,48.83691667,-123.32585,N,N
1203,2017,8,27,GI44,48.84358336,-123.3331,N,N
1204,2017,8,27,GI45,48.8566,-123.32885,N,N
1205,2017,9,7,GI52,48.81701667,-123.2275833,N,N
1206,2017,9,7,GI53,48.81791668,-123.2439333,N,N
1207,2017,8,27,GI54,48.8278333,-123.3040667,M,N
1208,2017,8,29,IA01,49.29571667,-122.99,N,N
1209,2017,8,29,IA02,49.29179999,-122.9442666,N,N
1210,2017,8,29,IA05,49.29108334,-122.85835,N,N
1211,2017,8,29,IA06,49.29346666,-122.9020667,N,N
1212,2017,8,29,IA07,49.31684999,-122.9279,N,N
1213,2017,8,29,IA08,49.31848332,-122.9156333,N,N
1214,2017,8,29,IA09,49.33936666,-122.8916334,N,N
1215,2017,8,29,IA10,49.37768332,-122.8666,N,N
1216,2017,8,29,IA14,49.34031668,-122.9226166,N,N
1217,2017,8,29,IA15,49.37076667,-122.8895833,N,N
1218,2017,8,29,IA16,49.407,-122.8843667,N,F
1219,2017,8,29,IA17,49.44460001,-122.8768667,N,N
1220,2017,8,29,IA19,49.43400002,-122.8563833,N,F
1221,2017,8,30,VH01,49.29276667,-123.0370833,F,N
1222,2017,8,30,VH02,49.29268335,-123.0392,N,F
1223,2017,8,30,VH03,49.29641666,-123.1186167,N,N
1224,2017,8,30,VH04,49.29673335,-123.1153333,N,N
1225,2017,8,30,VH06,49.3015,-123.118,N,N
1226,2017,8,30,VH07,49.30305001,-123.1211333,M,N
1227,2017,8,30,VH08,49.30523332,-123.12695,F,N
1228,2017,8,30,VH09,49.30573333,-123.12785,F,N
1229,2017,8,30,VH10,49.30866667,-123.1314667,F,N
1230,2017,8,30,VH11,49.30979999,-123.1335,F,N
1231,2017,8,30,VH14,49.31256666,-123.0960667,N,N
1232,2017,8,30,VH15,49.31110001,-123.0992833,N,N
1233,2017,8,31,EB04,49.27916667,-123.2014833,N,N
1234,2017,8,31,EB05,49.2849,-123.21885,N,N
1235,2017,8,31,EB06,49.28910001,-123.2323167,N,N
1236,2017,8,31,EB07,49.28003333,-123.2592333,N,N
1237,2017,8,31,EB10,49.29703334,-123.1627667,N,N
1238,2017,8,31,EB11,49.31113332,-123.1578,N,N
1239,2017,8,31,EB13,49.33538332,-123.2531333,N,N
1240,2017,8,31,EB16,49.33748334,-123.2167667,N,N
1241,2017,8,31,EB17,49.33661668,-123.2044833,N,N
1242,2017,8,31,EB18,49.33246667,-123.1898,N,N
1243,2017,8,31,EB19,49.32651666,-123.1741333,N,N
1244,2017,9,2,JF01,48.3757,-123.86205,N,N
1245,2017,9,2,JF02,48.37784999,-123.8771833,N,N
1246,2017,9,2,JF03,48.3783,-123.8989333,N,N
1247,2017,9,2,JF04,48.37563334,-123.9213333,F,N
1248,2017,9,2,JF05,48.38275,-123.9426833,N,N
1249,2017,9,2,JF06,48.39258334,-123.9592667,N,N
1250,2017,9,2,JF07,48.39116666,-123.9798167,N,N
1251,2017,9,2,JF08,48.40271667,-123.9946833,N,F
1252,2017,9,2,JF10,48.41574999,-124.0351833,N,N
1253,2017,9,2,JF13,48.41941668,-124.0652333,N,N
1254,2017,9,2,JF14,48.42563334,-124.0865167,N,N
1255,2017,9,3,JF20,48.45984999,-124.22365,N,F
1256,2017,9,3,JF21,48.46670001,-124.2458833,N,N
1257,2017,9,3,JF23,48.48264999,-124.2895,M,A
1258,2017,9,3,JF24,48.49595,-124.3050167,M,F
1259,2017,9,3,JF25,48.50256666,-124.3201667,A,A
1260,2017,9,3,JF26,48.5059,-124.3432,M,M
1261,2017,9,3,JF27,48.50833333,-124.36835,A,A
1262,2017,9,3,JF28,48.51418333,-124.394,M,F
1263,2017,9,3,JF29,48.51845001,-124.4125333,A,F
1264,2017,9,3,JF30,48.521,-124.43565,M,F
1265,2017,9,8,GI12,48.7065333,-123.4288333,N,N
1266,2018,5,26,20,52.16405001,-131.21775,M,F
1267,2018,6,8,22,52.18866666,-131.3624167,A,F
1268,2018,6,8,23,52.25681667,-131.37495,N,N
1269,2018,6,7,24,52.21793334,-131.35505,M,N
1270,2018,6,8,25,52.19478334,-131.33405,A,F
1271,2018,5,26,30,52.12996666,-131.2167167,A,N
1272,2018,5,27,31,52.1766,-131.2454667,A,N
1273,2018,5,29,48,52.39298334,-131.5873166,N,N
1274,2018,5,29,50,52.43355001,-131.5509333,N,N
1275,2018,5,29,51,52.42250001,-131.5532167,A,N
1276,2018,5,29,62,52.40145,-131.5857833,A,N
1277,2018,5,29,63,52.41789999,-131.5869167,A,N
1278,2018,5,31,76,52.75199998,-132.0125333,M,F
1279,2018,5,31,79,52.75310001,-132.0730333,A,M
1280,2018,6,1,84,52.7609333,-131.9438,N,N
1281,2018,6,1,85,52.76338336,-131.9623166,M,F
1282,2018,5,31,86,52.76783333,-132.0591833,A,M
1283,2018,6,1,87,52.79208336,-131.9946833,M,N
1284,2018,6,1,88,52.84745,-132.0702167,N,N
1285,2018,5,30,89,52.81931667,-132.0632333,F,N
1286,2018,5,30,90,52.78085003,-132.10115,A,N
1287,2018,5,31,91,52.75303332,-132.1232667,M,F
1288,2018,5,31,92,52.76366666,-132.1560167,A,F
1289,2018,6,7,109,52.94251664,-132.2091667,M,N
1290,2018,6,6,110,52.93831666,-132.1492167,F,N
1291,2018,6,6,111,52.97389997,-132.1761,A,N
1292,2018,6,6,112,52.97758331,-132.1563833,M,N
1293,2018,6,6,113,52.97203331,-132.0858833,N,N
1294,2018,6,6,114,52.99475002,-132.1992667,F,N
1295,2018,6,7,115,52.97026666,-132.2679167,A,N
1296,2018,6,6,118,52.99786669,-132.2516833,M,N
1297,2018,6,4,125,53.10508333,-132.4997333,M,N
1298,2018,6,4,127,53.14213333,-132.5845,M,F
1299,2018,6,2,128,53.13538334,-132.5294667,M,F
1300,2018,6,2,129,53.12781667,-132.4034667,M,N
1301,2018,6,4,130,53.10693333,-132.5662667,A,N
1302,2018,6,2,131,53.13288333,-132.35615,N,N
1303,2018,6,4,132,53.09623334,-132.4591333,N,N
1304,2018,6,5,138,53.03306667,-132.4241333,A,N
1305,2018,6,5,139,53.04276667,-132.3443833,N,N
1306,2018,6,5,140,53.05958333,-132.2679833,N,N
1307,2018,6,5,141,53.02656667,-132.3606667,A,N
1308,2018,6,5,142,53.01798333,-132.25645,M,N
1309,2018,6,2,145,53.13976666,-132.4775333,A,N
1310,2018,6,3,146,53.17133333,-132.4416833,F,N
1311,2018,6,3,147,53.22055,-132.4760167,F,F
1312,2018,6,3,148,53.15475,-132.5174,A,N
1313,2018,6,3,149,53.18178333,-132.5588167,A,M
1314,2018,6,3,150,53.15125,-132.5715,A,M
1315,2018,5,28,5,52.09891667,-131.1311333,A,N
1316,2018,5,28,7,52.0816,-131.2151,A,F
1317,2018,5,27,15,52.14423334,-131.21165,A,N
1318,2018,5,28,16,52.12281667,-131.1730667,A,N
1319,2018,5,26,18,52.1844,-131.2233167,F,N
1320,2018,9,15,1,50.77354997,-127.5158667,F,F
1321,2018,9,15,2,50.77838332,-127.5440333,F,M
1322,2018,9,15,3,50.78561668,-127.5743667,N,F
1323,2018,9,15,4,50.79344997,-127.5998334,F,M
1324,2018,9,11,6,50.81110001,-127.65715,F,M
1325,2018,9,11,7,50.81936665,-127.69675,M,M
1326,2018,9,11,8,50.82970002,-127.7302,A,A
1327,2018,9,11,9,50.83729998,-127.7659334,M,F
1328,2018,9,15,10,50.77218335,-127.5015167,F,M
1329,2018,9,11,11,50.80178331,-127.6302333,M,M
1330,2018,9,3,13,50.81216666,-127.4803,A,F
1331,2018,9,3,14,50.81018333,-127.5523333,M,M
1332,2018,9,3,15,50.81655,-127.4827833,A,F
1333,2018,9,3,16,50.81866665,-127.5633,M,F
1334,2018,9,3,17,50.80766665,-127.4949333,A,M
1335,2018,9,3,19,50.82891668,-127.6282167,M,N
1336,2018,8,31,20,50.83889999,-127.5932166,N,N
1337,2018,8,31,21,50.84978333,-127.5858334,M,M
1338,2018,8,31,22,50.84395002,-127.5808,N,N
1339,2018,9,3,25,50.83241666,-127.5331,F,N
1340,2018,8,30,26,50.8372167,-127.5560333,F,F
1341,2018,8,29,27,50.83700002,-127.527,A,A
1342,2018,8,30,28,50.83923333,-127.53845,M,M
1343,2018,8,31,30,50.84553331,-127.61395,A,A
1344,2018,8,31,33,50.85841668,-127.6440166,M,M
1345,2018,8,30,34,50.84158332,-127.5738667,N,N
1346,2018,9,2,36,50.86286666,-127.7825,N,N
1347,2018,9,2,37,50.86149998,-127.7569,F,F
1348,2018,9,2,38,50.85039997,-127.7188667,M,M
1349,2018,9,2,39,50.83878333,-127.67555,F,M
1350,2018,9,18,40,50.84516665,-127.6618834,F,F
1351,2018,9,2,41,50.8465833,-127.6631667,N,N
1352,2018,9,1,42,50.85691668,-127.6548833,A,M
1353,2018,9,1,43,50.87536666,-127.6666833,M,F
1354,2018,9,18,44,50.86756668,-127.6743667,N,N
1355,2018,9,1,46,50.89608332,-127.68875,M,F
1356,2018,9,18,47,50.90823332,-127.7079166,F,F
1357,2018,9,1,48,50.91356665,-127.7359,M,F
1358,2018,9,18,49,50.91018333,-127.7552834,M,F
1359,2018,9,18,50,50.9046833,-127.77655,N,F
1360,2018,9,6,51,50.87286669,-127.4848833,N,N
1361,2018,9,7,52,50.86794999,-127.4626,F,F
1362,2018,9,7,53,50.88656667,-127.49115,F,N
1363,2018,9,7,55,50.87450002,-127.4625833,N,F
1364,2018,9,6,56,50.87651666,-127.4903833,F,N
1365,2018,9,6,57,50.87653332,-127.48755,N,N
1366,2018,9,7,58,50.88078334,-127.4830167,N,N
1367,2018,9,23,M55,50.82023335,-127.5894167,M,F
1368,2018,9,23,M57,50.82316666,-127.51335,M,A
1369,2018,9,23,M62,50.82918332,-127.5066833,M,N
1370,2018,9,21,M67,50.83928331,-127.59275,N,N
1371,2018,9,21,M69,50.84668331,-127.5923667,M,N
1372,2018,9,21,M71,50.84743334,-127.5845833,F,F
1373,2018,9,21,M76,50.83878333,-127.5688,F,N
1374,2018,9,21,M78,50.83181667,-127.5566167,N,F
1375,2018,9,21,M81,50.83059998,-127.5789833,N,N
1376,2018,9,22,M84,50.8316,-127.5296667,N,F
1377,2018,9,22,M86,50.83470001,-127.5325,N,F
1378,2018,9,22,M87,50.83338331,-127.5426667,M,M
1379,2018,9,22,M89,50.83935,-127.5525,M,F
1380,2018,9,22,M91,50.83980001,-127.5377167,F,F
1381,2018,9,22,M94,50.83751666,-127.5284,M,M
1382,2018,9,13,148,50.77741667,-126.7540167,M,N
1383,2018,9,13,149,50.77196668,-126.8026667,F,M
1384,2018,9,13,150,50.77778333,-126.83265,M,A
1385,2018,9,23,M53,50.81688334,-127.4879333,F,F
1386,2018,9,6,59,50.87618332,-127.4378,N,N
1387,2018,9,8,60,50.89590003,-127.5213833,F,N
1388,2018,9,1,61,50.87868334,-127.6718667,F,N
1389,2018,9,8,62,50.88655001,-127.5276667,N,N
1390,2018,9,8,65,50.88431664,-127.5135833,N,N
1391,2018,9,8,66,50.89838333,-127.5401333,N,N
1392,2018,9,19,69,50.90001666,-127.4430167,F,M
1393,2018,9,19,70,50.90205002,-127.42125,F,M
1394,2018,9,10,71,50.9240167,-127.3468167,F,N
1395,2018,9,10,72,50.92546666,-127.3654333,N,F
1396,2018,9,10,73,50.92346668,-127.3834,N,F
1397,2018,9,10,74,50.92833335,-127.40305,N,F
1398,2018,9,10,75,50.94101664,-127.4291667,F,F
1399,2018,9,10,76,50.9537667,-127.4501,F,M
1400,2018,9,10,77,50.96118336,-127.4369167,N,N
1401,2018,9,10,78,50.96375001,-127.4228833,N,N
1402,2018,9,20,79,50.96698335,-127.4225,N,N
1403,2018,9,20,80,50.97191664,-127.4373333,N,N
1404,2018,9,20,81,50.9756333,-127.4657833,F,F
1405,2018,9,20,82,50.97905,-127.4835667,F,F
1406,2018,9,16,84,50.90173333,-127.58135,A,F
1407,2018,9,16,85,50.90361665,-127.5823667,M,F
1408,2018,9,19,86,50.90683333,-127.42665,N,F
1409,2018,9,16,88,50.90973333,-127.57705,M,F
1410,2018,9,18,89,50.91013336,-127.7391666,M,M
1411,2018,9,16,90,50.9125,-127.57505,M,F
1412,2018,9,16,91,50.91241665,-127.53805,N,N
1413,2018,9,8,92,50.89963334,-127.5366166,M,F
1414,2018,9,16,93,50.91578331,-127.5546333,F,F
1415,2018,9,19,96,50.91983331,-127.4492333,F,N
1416,2018,9,20,97,50.92163334,-127.4068667,F,M
1417,2018,9,16,98,50.92581666,-127.55105,F,F
1418,2018,9,10,100,50.95823332,-127.4560667,M,M
1419,2018,9,10,101,50.96156667,-127.4260833,N,N
1420,2018,9,10,102,50.96850001,-127.4335,N,N
1421,2018,9,20,103,50.97514998,-127.4603667,N,N
1422,2018,9,17,104,50.99036668,-127.5288,F,M
1423,2018,9,17,105,50.99246667,-127.51335,N,F
1424,2018,9,17,106,50.99551665,-127.5274833,M,M
1425,2018,9,17,107,51.99831664,-127.5168833,N,N
1426,2018,9,17,108,51.0003,-127.52245,M,A
1427,2018,9,17,109,51.00828333,-127.5235167,M,N
1428,2018,9,17,110,51.01395,-127.5498833,N,N
1429,2018,9,14,114,50.62271665,-126.7397834,M,A
1430,2018,9,14,117,50.63543332,-126.7196667,F,A
1431,2018,9,14,120,50.64829998,-126.6837,A,A
1432,2018,9,14,121,50.65291665,-126.7095,M,M
1433,2018,9,14,123,50.66711667,-126.6924667,F,M
1434,2018,9,14,124,50.68553333,-126.66905,F,F
1435,2018,9,14,125,50.70230001,-126.6738833,N,N
1436,2018,9,14,127,50.68783334,-126.6985833,N,F
1437,2018,9,14,129,50.69746666,-126.6817333,N,N
1438,2018,9,14,133,50.71828334,-126.6647167,F,M
1439,2018,9,14,134,50.71693331,-126.7019667,F,F
1440,2018,9,13,137,50.73463332,-126.6739833,N,F
1441,2018,9,13,140,50.74995003,-126.7173333,N,N
1442,2018,9,13,142,50.76714999,-126.7723667,F,F
1443,2018,9,13,144,50.77290001,-126.71545,A,A
1444,2018,9,13,145,50.77488333,-126.7393333,F,F
1445,2018,9,13,146,50.78735002,-126.74425,N,F
1446,2019,9,24,1,54.1132,-130.2133,N,N
1447,2019,9,24,3,54.10623333,-130.1614333,N,N
1448,2019,9,17,14,54.31703332,-130.25085,N,N
1449,2019,9,17,17,54.39016666,-130.2486167,N,N
1450,2019,9,17,19,54.42163334,-130.3063833,N,N
1451,2019,9,17,20,54.39415,-130.2608333,N,N
1452,2019,9,17,21,54.34936666,-130.2862667,N,N
1453,2019,9,17,22,54.33100001,-130.3360667,N,N
1454,2019,9,17,24,54.32698332,-130.3628833,N,N
1455,2019,9,18,25,54.32793334,-130.3913667,N,N
1456,2019,9,18,26,54.32824999,-130.4121333,N,N
1457,2019,9,18,27,54.33950001,-130.4218,N,N
1458,2019,9,19,28,54.33818334,-130.4657,N,N
1459,2019,9,19,29,54.35279999,-130.4669667,N,N
1460,2019,9,19,30,54.39918334,-130.4978833,A,A
1461,2019,9,19,31,54.43474998,-130.4891833,N,N
1462,2019,9,20,32,54.45750001,-130.4448333,N,N
1463,2019,9,20,35,54.47411668,-130.41765,N,N
1464,2019,9,20,36,54.50368334,-130.4431,N,N
1465,2019,9,21,37,54.54181665,-130.4424667,N,N
1466,2019,9,21,38,54.56420002,-130.4158333,N,N
1467,2019,9,21,39,54.57508335,-130.3982667,N,N
1468,2019,9,24,41,54.16243334,-130.2882167,N,N
1469,2019,9,24,42,54.16585,-130.2161167,N,N
1470,2019,9,24,43,54.1741,-130.2606333,F,M
1471,2019,9,24,44,54.18515,-130.2711667,N,N
1472,2019,9,24,46,54.15511667,-130.16035,N,N
1473,2019,9,24,47,54.11838334,-130.1915,N,N
1475,2019,9,24,51,54.20803334,-130.2941667,N,F
1477,2019,9,18,55,54.25505001,-130.3478167,F,F
1478,2019,9,18,65,54.28128335,-130.4560167,A,A
1479,2019,9,18,66,54.26003334,-130.4203333,N,F
1480,2019,9,18,67,54.23878333,-130.3794,F,N
1481,2019,9,17,70,54.29951668,-130.3833833,N,N
1482,2019,9,18,71,54.31668332,-130.4063,N,N
1483,2019,9,18,73,54.30708332,-130.4765667,F,N
1484,2019,9,18,74,54.31486667,-130.3961,N,N
1485,2019,9,19,75,54.32140001,-130.4896,F,N
1486,2019,9,19,76,54.31916666,-130.50765,A,M
1487,2019,9,19,77,54.33153334,-130.4485667,N,N
1488,2019,9,22,81,54.39173333,-130.78905,N,F
1489,2019,9,22,83,54.40925001,-130.71975,A,M
1490,2019,9,16,84,54.38814999,-130.7022667,A,F
1491,2019,9,22,85,54.36485001,-130.7093667,A,A
1492,2019,9,22,87,54.39104999,-130.8152,N,N
1493,2019,9,15,88,54.37586667,-130.8150833,A,M
1494,2019,9,15,90,54.39518334,-130.8168667,N,N
1495,2019,9,15,92,54.41093334,-130.8376,A,A
1496,2019,9,16,93,54.41531668,-130.7452333,M,F
1497,2019,9,22,96,54.41348333,-130.8045834,F,N
1498,2019,9,16,97,54.41216666,-130.7004833,A,N
1499,2019,9,22,99,54.42156668,-130.7232167,A,A
1500,2019,9,15,100,54.41958332,-130.9034833,A,A
1501,2019,9,22,101,54.42763335,-130.8000834,N,N
1502,2019,9,22,106,54.43416665,-130.8258666,A,A
1503,2019,9,23,108,54.47065001,-130.7636,F,A
1504,2019,9,22,109,54.44439999,-130.7487333,M,F
1505,2019,9,16,114,54.45211668,-130.7336833,M,M
1506,2019,9,14,119,54.46366666,-130.9505,M,F
1507,2019,9,14,120,54.46743333,-130.9327833,A,A
1508,2019,9,14,121,54.45743332,-130.96105,A,N
1509,2019,9,23,123,54.47559999,-130.7663333,M,M
1510,2019,9,20,124,54.49425001,-130.4689333,A,M
1511,2019,9,23,125,54.48601665,-130.7590666,A,M
1512,2019,9,20,127,54.50638332,-130.4705167,A,A
1513,2019,9,23,128,54.47863334,-130.78865,F,M
1514,2019,9,23,132,54.47269999,-130.8369834,N,N
1515,2019,9,23,133,54.4868,-130.8133,A,M
1516,2019,9,20,134,54.51366666,-130.45725,N,N
1517,2019,9,23,135,54.49673335,-130.7756667,M,M
1518,2019,9,23,137,54.51216666,-130.8150167,A,A
1519,2019,9,21,139,54.53748334,-130.4566333,M,M
1520,2019,9,21,141,54.56026669,-130.4718833,N,N
1521,2019,9,21,143,54.59440002,-130.4566167,N,F
1522,2019,9,13,145,54.59445,-130.8669167,N,F
1523,2019,9,13,146,54.59965,-130.8379,N,N
1524,2019,9,12,147,54.61720002,-130.7955,A,M
1525,2019,9,12,148,54.62463334,-130.7699167,A,F
1526,2019,9,13,149,54.59019998,-130.6858833,A,A
1527,2019,9,22,150,54.54718335,-130.7836334,M,M
1528,2019,9,14,151,54.50005,-130.8437,A,F
1529,2019,9,14,153,54.48238335,-130.9140167,A,M
1530,2019,9,13,163,54.62418334,-130.8684,M,M
1531,2019,9,12,164,54.61306667,-130.8544167,A,F
1532,2019,9,12,165,54.59325002,-130.8901667,F,F
1533,2019,9,13,170,54.63369999,-130.8935333,A,M
1534,2019,9,17,4090,54.28731667,-130.3732333,N,N
1535,2021,9,14,Scotts Bay 1,48.83523331,-125.146,A,N
1536,2021,9,14,Scotts Bay 2,48.83493334,-125.1474333,A,N
1537,2021,9,15,Flemming 114,48.89148331,-125.1149,N,N
1539,2021,9,16,Breakers,48.82830003,-125.1586667,A,N
1540,2021,9,17,Dixon,48.85171668,-125.1233667,A,N
1541,2021,9,17,Grappler,48.83903332,-125.13555,A,N
1542,2021,9,18,Flemming 112,48.87830003,-125.1437667,M,N
1543,2021,9,18,Flemming Turf Island,48.88550002,-125.1476833,A,A
1544,2021,9,19,Taylor Island,48.82810001,-125.19775,A,N
1545,2021,9,20,Ohiat,48.85285002,-125.1840333,A,M
1546,2021,9,21,Edward (King) 142,48.83606669,-125.2124833,A,N
1547,2021,9,21,Sandford Seagull,48.87128334,-125.1709667,A,N
1548,2021,9,22,Swiss Boy,48.91585,-125.1311333,A,N
1549,2021,9,22,3 Tree Island,48.87556667,-125.16445,A,F
1550,2021,9,23,2nd Beach,48.81515001,-125.17115,A,N
